[{"UserID":632,"OpeningStartDateLocal":"2021-11-15T08:00:00","OpeningEndDateLocal":"2021-11-15T12:00:00","OpenDurationInMinutes":240,"OpenDurationInHours":4.000000,"Remarks":"4:00 hr opening","DayNumber":2,"WeekNumber":47,"YearNumber":2021,"ScheduledStartOfDay":"2021-11-15T08:00:00","ScheduledEndOfDay":"2021-11-15T12:00:00","LocationID":61,"RoomID":null,"UTCOffSet":-6,"SchedPrefRemarks":""},{"UserID":632,"OpeningStartDateLocal":"2021-11-15T08:00:00","OpeningEndDateLocal":"2021-11-15T12:00:00","OpenDurationInMinutes":240,"OpenDurationInHours":4.000000,"Remarks":"4:00 hr opening","DayNumber":2,"WeekNumber":47,"YearNumber":2021,"ScheduledStartOfDay":"2021-11-15T08:00:00","ScheduledEndOfDay":"2021-11-15T12:00:00","LocationID":61,"RoomID":null,"UTCOffSet":-6,"SchedPrefRemarks":""},{"UserID":632,"OpeningStartDateLocal":"2021-11-15T08:00:00","OpeningEndDateLocal":"2021-11-15T12:00:00","OpenDurationInMinutes":240,"OpenDurationInHours":4.000000,"Remarks":"4:00 hr opening","DayNumber":2,"WeekNumber":47,"YearNumber":2021,"ScheduledStartOfDay":"2021-11-15T08:00:00","ScheduledEndOfDay":"2021-11-15T12:00:00","LocationID":61,"RoomID":null,"UTCOffSet":-6,"SchedPrefRemarks":""},{"UserID":632,"OpeningStartDateLocal":"2021-11-15T08:00:00","OpeningEndDateLocal":"2021-11-15T12:00:00","OpenDurationInMinutes":240,"OpenDurationInHours":4.000000,"Remarks":"4:00 hr opening","DayNumber":2,"WeekNumber":47,"YearNumber":2021,"ScheduledStartOfDay":"2021-11-15T08:00:00","ScheduledEndOfDay":"2021-11-15T12:00:00","LocationID":61,"RoomID":null,"UTCOffSet":-6,"SchedPrefRemarks":""},{"UserID":632,"OpeningStartDateLocal":"2021-11-15T13:00:00","OpeningEndDateLocal":"2021-11-15T16:00:00","OpenDurationInMinutes":180,"OpenDurationInHours":3.000000,"Remarks":"3:00 hr opening","DayNumber":2,"WeekNumber":47,"YearNumber":2021,"ScheduledStartOfDay":"2021-11-15T13:00:00","ScheduledEndOfDay":"2021-11-15T16:00:00","LocationID":61,"RoomID":null,"UTCOffSet":-6,"SchedPrefRemarks":""},{"UserID":632,"OpeningStartDateLocal":"2021-11-15T13:00:00","OpeningEndDateLocal":"2021-11-15T16:00:00","OpenDurationInMinutes":180,"OpenDurationInHours":3.000000,"Remarks":"3:00 hr opening","DayNumber":2,"WeekNumber":47,"YearNumber":2021,"ScheduledStartOfDay":"2021-11-15T13:00:00","ScheduledEndOfDay":"2021-11-15T16:00:00","LocationID":61,"RoomID":null,"UTCOffSet":-6,"SchedPrefRemarks":""},{"UserID":632,"OpeningStartDateLocal":"2021-11-15T13:00:00","OpeningEndDateLocal":"2021-11-15T16:00:00","OpenDurationInMinutes":180,"OpenDurationInHours":3.000000,"Remarks":"3:00 hr opening","DayNumber":2,"WeekNumber":47,"YearNumber":2021,"ScheduledStartOfDay":"2021-11-15T13:00:00","ScheduledEndOfDay":"2021-11-15T16:00:00","LocationID":61,"RoomID":null,"UTCOffSet":-6,"SchedPrefRemarks":""},{"UserID":632,"OpeningStartDateLocal":"2021-11-15T13:00:00","OpeningEndDateLocal":"2021-11-15T16:00:00","OpenDurationInMinutes":180,"OpenDurationInHours":3.000000,"Remarks":"3:00 hr opening","DayNumber":2,"WeekNumber":47,"YearNumber":2021,"ScheduledStartOfDay":"2021-11-15T13:00:00","ScheduledEndOfDay":"2021-11-15T16:00:00","LocationID":61,"RoomID":null,"UTCOffSet":-6,"SchedPrefRemarks":""},{"UserID":632,"OpeningStartDateLocal":"2021-11-16T08:00:00","OpeningEndDateLocal":"2021-11-16T12:00:00","OpenDurationInMinutes":240,"OpenDurationInHours":4.000000,"Remarks":"4:00 hr opening","DayNumber":3,"WeekNumber":47,"YearNumber":2021,"ScheduledStartOfDay":"2021-11-16T08:00:00","ScheduledEndOfDay":"2021-11-16T12:00:00","LocationID":61,"RoomID":null,"UTCOffSet":-6,"SchedPrefRemarks":""},{"UserID":632,"OpeningStartDateLocal":"2021-11-16T08:00:00","OpeningEndDateLocal":"2021-11-16T12:00:00","OpenDurationInMinutes":240,"OpenDurationInHours":4.000000,"Remarks":"4:00 hr opening","DayNumber":3,"WeekNumber":47,"YearNumber":2021,"ScheduledStartOfDay":"2021-11-16T08:00:00","ScheduledEndOfDay":"2021-11-16T12:00:00","LocationID":61,"RoomID":null,"UTCOffSet":-6,"SchedPrefRemarks":""},{"UserID":632,"OpeningStartDateLocal":"2021-11-16T08:00:00","OpeningEndDateLocal":"2021-11-16T12:00:00","OpenDurationInMinutes":240,"OpenDurationInHours":4.000000,"Remarks":"4:00 hr opening","DayNumber":3,"WeekNumber":47,"YearNumber":2021,"ScheduledStartOfDay":"2021-11-16T08:00:00","ScheduledEndOfDay":"2021-11-16T12:00:00","LocationID":61,"RoomID":null,"UTCOffSet":-6,"SchedPrefRemarks":""},{"UserID":632,"OpeningStartDateLocal":"2021-11-16T08:00:00","OpeningEndDateLocal":"2021-11-16T12:00:00","OpenDurationInMinutes":240,"OpenDurationInHours":4.000000,"Remarks":"4:00 hr opening","DayNumber":3,"WeekNumber":47,"YearNumber":2021,"ScheduledStartOfDay":"2021-11-16T08:00:00","ScheduledEndOfDay":"2021-11-16T12:00:00","LocationID":61,"RoomID":null,"UTCOffSet":-6,"SchedPrefRemarks":""},{"UserID":632,"OpeningStartDateLocal":"2021-11-16T08:00:00","OpeningEndDateLocal":"2021-11-16T12:00:00","OpenDurationInMinutes":240,"OpenDurationInHours":4.000000,"Remarks":"4:00 hr opening","DayNumber":3,"WeekNumber":47,"YearNumber":2021,"ScheduledStartOfDay":"2021-11-16T08:00:00","ScheduledEndOfDay":"2021-11-16T12:00:00","LocationID":61,"RoomID":null,"UTCOffSet":-6,"SchedPrefRemarks":""},{"UserID":632,"OpeningStartDateLocal":"2021-11-16T08:00:00","OpeningEndDateLocal":"2021-11-16T12:00:00","OpenDurationInMinutes":240,"OpenDurationInHours":4.000000,"Remarks":"4:00 hr opening","DayNumber":3,"WeekNumber":47,"YearNumber":2021,"ScheduledStartOfDay":"2021-11-16T08:00:00","ScheduledEndOfDay":"2021-11-16T12:00:00","LocationID":61,"RoomID":null,"UTCOffSet":-6,"SchedPrefRemarks":""},{"UserID":632,"OpeningStartDateLocal":"2021-11-16T13:00:00","OpeningEndDateLocal":"2021-11-16T16:00:00","OpenDurationInMinutes":180,"OpenDurationInHours":3.000000,"Remarks":"3:00 hr opening","DayNumber":3,"WeekNumber":47,"YearNumber":2021,"ScheduledStartOfDay":"2021-11-16T13:00:00","ScheduledEndOfDay":"2021-11-16T16:00:00","LocationID":61,"RoomID":null,"UTCOffSet":-6,"SchedPrefRemarks":""},{"UserID":632,"OpeningStartDateLocal":"2021-11-16T13:00:00","OpeningEndDateLocal":"2021-11-16T16:00:00","OpenDurationInMinutes":180,"OpenDurationInHours":3.000000,"Remarks":"3:00 hr opening","DayNumber":3,"WeekNumber":47,"YearNumber":2021,"ScheduledStartOfDay":"2021-11-16T13:00:00","ScheduledEndOfDay":"2021-11-16T16:00:00","LocationID":61,"RoomID":null,"UTCOffSet":-6,"SchedPrefRemarks":""},{"UserID":632,"OpeningStartDateLocal":"2021-11-16T13:00:00","OpeningEndDateLocal":"2021-11-16T16:00:00","OpenDurationInMinutes":180,"OpenDurationInHours":3.000000,"Remarks":"3:00 hr opening","DayNumber":3,"WeekNumber":47,"YearNumber":2021,"ScheduledStartOfDay":"2021-11-16T13:00:00","ScheduledEndOfDay":"2021-11-16T16:00:00","LocationID":61,"RoomID":null,"UTCOffSet":-6,"SchedPrefRemarks":""},{"UserID":632,"OpeningStartDateLocal":"2021-11-16T13:00:00","OpeningEndDateLocal":"2021-11-16T16:00:00","OpenDurationInMinutes":180,"OpenDurationInHours":3.000000,"Remarks":"3:00 hr opening","DayNumber":3,"WeekNumber":47,"YearNumber":2021,"ScheduledStartOfDay":"2021-11-16T13:00:00","ScheduledEndOfDay":"2021-11-16T16:00:00","LocationID":61,"RoomID":null,"UTCOffSet":-6,"SchedPrefRemarks":""},{"UserID":632,"OpeningStartDateLocal":"2021-11-16T13:00:00","OpeningEndDateLocal":"2021-11-16T16:00:00","OpenDurationInMinutes":180,"OpenDurationInHours":3.000000,"Remarks":"3:00 hr opening","DayNumber":3,"WeekNumber":47,"YearNumber":2021,"ScheduledStartOfDay":"2021-11-16T13:00:00","ScheduledEndOfDay":"2021-11-16T16:00:00","LocationID":61,"RoomID":null,"UTCOffSet":-6,"SchedPrefRemarks":""},{"UserID":632,"OpeningStartDateLocal":"2021-11-16T13:00:00","OpeningEndDateLocal":"2021-11-16T16:00:00","OpenDurationInMinutes":180,"OpenDurationInHours":3.000000,"Remarks":"3:00 hr opening","DayNumber":3,"WeekNumber":47,"YearNumber":2021,"ScheduledStartOfDay":"2021-11-16T13:00:00","ScheduledEndOfDay":"2021-11-16T16:00:00","LocationID":61,"RoomID":null,"UTCOffSet":-6,"SchedPrefRemarks":""},{"UserID":632,"OpeningStartDateLocal":"2021-11-16T13:00:00","OpeningEndDateLocal":"2021-11-16T16:00:00","OpenDurationInMinutes":180,"OpenDurationInHours":3.000000,"Remarks":"3:00 hr opening","DayNumber":3,"WeekNumber":47,"YearNumber":2021,"ScheduledStartOfDay":"2021-11-16T13:00:00","ScheduledEndOfDay":"2021-11-16T16:00:00","LocationID":61,"RoomID":null,"UTCOffSet":-6,"SchedPrefRemarks":""},{"UserID":632,"OpeningStartDateLocal":"2021-11-16T13:00:00","OpeningEndDateLocal":"2021-11-16T16:00:00","OpenDurationInMinutes":180,"OpenDurationInHours":3.000000,"Remarks":"3:00 hr opening","DayNumber":3,"WeekNumber":47,"YearNumber":2021,"ScheduledStartOfDay":"2021-11-16T13:00:00","ScheduledEndOfDay":"2021-11-16T16:00:00","LocationID":61,"RoomID":null,"UTCOffSet":-6,"SchedPrefRemarks":""},{"UserID":632,"OpeningStartDateLocal":"2021-11-16T13:00:00","OpeningEndDateLocal":"2021-11-16T16:00:00","OpenDurationInMinutes":180,"OpenDurationInHours":3.000000,"Remarks":"3:00 hr opening","DayNumber":3,"WeekNumber":47,"YearNumber":2021,"ScheduledStartOfDay":"2021-11-16T13:00:00","ScheduledEndOfDay":"2021-11-16T16:00:00","LocationID":61,"RoomID":null,"UTCOffSet":-6,"SchedPrefRemarks":""},{"UserID":632,"OpeningStartDateLocal":"2021-11-17T08:00:00","OpeningEndDateLocal":"2021-11-17T11:00:00","OpenDurationInMinutes":180,"OpenDurationInHours":3.000000,"Remarks":"3:00 hr opening","DayNumber":4,"WeekNumber":47,"YearNumber":2021,"ScheduledStartOfDay":"2021-11-17T08:00:00","ScheduledEndOfDay":"2021-11-17T12:00:00","LocationID":61,"RoomID":null,"UTCOffSet":-6,"SchedPrefRemarks":""},{"UserID":632,"OpeningStartDateLocal":"2021-11-17T08:00:00","OpeningEndDateLocal":"2021-11-17T11:00:00","OpenDurationInMinutes":180,"OpenDurationInHours":3.000000,"Remarks":"3:00 hr opening","DayNumber":4,"WeekNumber":47,"YearNumber":2021,"ScheduledStartOfDay":"2021-11-17T08:00:00","ScheduledEndOfDay":"2021-11-17T12:00:00","LocationID":61,"RoomID":null,"UTCOffSet":-6,"SchedPrefRemarks":""},{"UserID":632,"OpeningStartDateLocal":"2021-11-17T08:00:00","OpeningEndDateLocal":"2021-11-17T11:00:00","OpenDurationInMinutes":180,"OpenDurationInHours":3.000000,"Remarks":"3:00 hr opening","DayNumber":4,"WeekNumber":47,"YearNumber":2021,"ScheduledStartOfDay":"2021-11-17T08:00:00","ScheduledEndOfDay":"2021-11-17T12:00:00","LocationID":61,"RoomID":null,"UTCOffSet":-6,"SchedPrefRemarks":""},{"UserID":632,"OpeningStartDateLocal":"2021-11-17T08:00:00","OpeningEndDateLocal":"2021-11-17T11:00:00","OpenDurationInMinutes":180,"OpenDurationInHours":3.000000,"Remarks":"3:00 hr opening","DayNumber":4,"WeekNumber":47,"YearNumber":2021,"ScheduledStartOfDay":"2021-11-17T08:00:00","ScheduledEndOfDay":"2021-11-17T12:00:00","LocationID":61,"RoomID":null,"UTCOffSet":-6,"SchedPrefRemarks":""},{"UserID":632,"OpeningStartDateLocal":"2021-11-17T08:00:00","OpeningEndDateLocal":"2021-11-17T11:00:00","OpenDurationInMinutes":180,"OpenDurationInHours":3.000000,"Remarks":"3:00 hr opening","DayNumber":4,"WeekNumber":47,"YearNumber":2021,"ScheduledStartOfDay":"2021-11-17T08:00:00","ScheduledEndOfDay":"2021-11-17T12:00:00","LocationID":61,"RoomID":null,"UTCOffSet":-6,"SchedPrefRemarks":""},{"UserID":632,"OpeningStartDateLocal":"2021-11-17T08:00:00","OpeningEndDateLocal":"2021-11-17T11:00:00","OpenDurationInMinutes":180,"OpenDurationInHours":3.000000,"Remarks":"3:00 hr opening","DayNumber":4,"WeekNumber":47,"YearNumber":2021,"ScheduledStartOfDay":"2021-11-17T08:00:00","ScheduledEndOfDay":"2021-11-17T12:00:00","LocationID":61,"RoomID":null,"UTCOffSet":-6,"SchedPrefRemarks":""},{"UserID":632,"OpeningStartDateLocal":"2021-11-17T08:00:00","OpeningEndDateLocal":"2021-11-17T11:00:00","OpenDurationInMinutes":180,"OpenDurationInHours":3.000000,"Remarks":"3:00 hr opening","DayNumber":4,"WeekNumber":47,"YearNumber":2021,"ScheduledStartOfDay":"2021-11-17T08:00:00","ScheduledEndOfDay":"2021-11-17T12:00:00","LocationID":61,"RoomID":null,"UTCOffSet":-6,"SchedPrefRemarks":""},{"UserID":632,"OpeningStartDateLocal":"2021-11-17T08:00:00","OpeningEndDateLocal":"2021-11-17T11:00:00","OpenDurationInMinutes":180,"OpenDurationInHours":3.000000,"Remarks":"3:00 hr opening","DayNumber":4,"WeekNumber":47,"YearNumber":2021,"ScheduledStartOfDay":"2021-11-17T08:00:00","ScheduledEndOfDay":"2021-11-17T12:00:00","LocationID":61,"RoomID":null,"UTCOffSet":-6,"SchedPrefRemarks":""},{"UserID":632,"OpeningStartDateLocal":"2021-11-17T08:00:00","OpeningEndDateLocal":"2021-11-17T11:00:00","OpenDurationInMinutes":180,"OpenDurationInHours":3.000000,"Remarks":"3:00 hr opening","DayNumber":4,"WeekNumber":47,"YearNumber":2021,"ScheduledStartOfDay":"2021-11-17T08:00:00","ScheduledEndOfDay":"2021-11-17T12:00:00","LocationID":61,"RoomID":null,"UTCOffSet":-6,"SchedPrefRemarks":""},{"UserID":632,"OpeningStartDateLocal":"2021-11-17T08:00:00","OpeningEndDateLocal":"2021-11-17T11:00:00","OpenDurationInMinutes":180,"OpenDurationInHours":3.000000,"Remarks":"3:00 hr opening","DayNumber":4,"WeekNumber":47,"YearNumber":2021,"ScheduledStartOfDay":"2021-11-17T08:00:00","ScheduledEndOfDay":"2021-11-17T12:00:00","LocationID":61,"RoomID":null,"UTCOffSet":-6,"SchedPrefRemarks":""},{"UserID":632,"OpeningStartDateLocal":"2021-11-17T14:00:00","OpeningEndDateLocal":"2021-11-17T15:00:00","OpenDurationInMinutes":60,"OpenDurationInHours":1.000000,"Remarks":"1:00 hr opening","DayNumber":4,"WeekNumber":47,"YearNumber":2021,"ScheduledStartOfDay":"2021-11-17T13:00:00","ScheduledEndOfDay":"2021-11-17T16:00:00","LocationID":61,"RoomID":null,"UTCOffSet":-6,"SchedPrefRemarks":""},{"UserID":632,"OpeningStartDateLocal":"2021-11-17T14:00:00","OpeningEndDateLocal":"2021-11-17T15:00:00","OpenDurationInMinutes":60,"OpenDurationInHours":1.000000,"Remarks":"1:00 hr opening","DayNumber":4,"WeekNumber":47,"YearNumber":2021,"ScheduledStartOfDay":"2021-11-17T13:00:00","ScheduledEndOfDay":"2021-11-17T16:00:00","LocationID":61,"RoomID":null,"UTCOffSet":-6,"SchedPrefRemarks":""},{"UserID":632,"OpeningStartDateLocal":"2021-11-17T14:00:00","OpeningEndDateLocal":"2021-11-17T15:00:00","OpenDurationInMinutes":60,"OpenDurationInHours":1.000000,"Remarks":"1:00 hr opening","DayNumber":4,"WeekNumber":47,"YearNumber":2021,"ScheduledStartOfDay":"2021-11-17T13:00:00","ScheduledEndOfDay":"2021-11-17T16:00:00","LocationID":61,"RoomID":null,"UTCOffSet":-6,"SchedPrefRemarks":""},{"UserID":632,"OpeningStartDateLocal":"2021-11-17T14:00:00","OpeningEndDateLocal":"2021-11-17T15:00:00","OpenDurationInMinutes":60,"OpenDurationInHours":1.000000,"Remarks":"1:00 hr opening","DayNumber":4,"WeekNumber":47,"YearNumber":2021,"ScheduledStartOfDay":"2021-11-17T13:00:00","ScheduledEndOfDay":"2021-11-17T16:00:00","LocationID":61,"RoomID":null,"UTCOffSet":-6,"SchedPrefRemarks":""},{"UserID":632,"OpeningStartDateLocal":"2021-11-17T14:00:00","OpeningEndDateLocal":"2021-11-17T15:00:00","OpenDurationInMinutes":60,"OpenDurationInHours":1.000000,"Remarks":"1:00 hr opening","DayNumber":4,"WeekNumber":47,"YearNumber":2021,"ScheduledStartOfDay":"2021-11-17T13:00:00","ScheduledEndOfDay":"2021-11-17T16:00:00","LocationID":61,"RoomID":null,"UTCOffSet":-6,"SchedPrefRemarks":""},{"UserID":632,"OpeningStartDateLocal":"2021-11-17T14:00:00","OpeningEndDateLocal":"2021-11-17T15:00:00","OpenDurationInMinutes":60,"OpenDurationInHours":1.000000,"Remarks":"1:00 hr opening","DayNumber":4,"WeekNumber":47,"YearNumber":2021,"ScheduledStartOfDay":"2021-11-17T13:00:00","ScheduledEndOfDay":"2021-11-17T16:00:00","LocationID":61,"RoomID":null,"UTCOffSet":-6,"SchedPrefRemarks":""},{"UserID":632,"OpeningStartDateLocal":"2021-11-17T14:00:00","OpeningEndDateLocal":"2021-11-17T15:00:00","OpenDurationInMinutes":60,"OpenDurationInHours":1.000000,"Remarks":"1:00 hr opening","DayNumber":4,"WeekNumber":47,"YearNumber":2021,"ScheduledStartOfDay":"2021-11-17T13:00:00","ScheduledEndOfDay":"2021-11-17T16:00:00","LocationID":61,"RoomID":null,"UTCOffSet":-6,"SchedPrefRemarks":""},{"UserID":632,"OpeningStartDateLocal":"2021-11-17T14:00:00","OpeningEndDateLocal":"2021-11-17T15:00:00","OpenDurationInMinutes":60,"OpenDurationInHours":1.000000,"Remarks":"1:00 hr opening","DayNumber":4,"WeekNumber":47,"YearNumber":2021,"ScheduledStartOfDay":"2021-11-17T13:00:00","ScheduledEndOfDay":"2021-11-17T16:00:00","LocationID":61,"RoomID":null,"UTCOffSet":-6,"SchedPrefRemarks":""},{"UserID":632,"OpeningStartDateLocal":"2021-11-17T14:00:00","OpeningEndDateLocal":"2021-11-17T15:00:00","OpenDurationInMinutes":60,"OpenDurationInHours":1.000000,"Remarks":"1:00 hr opening","DayNumber":4,"WeekNumber":47,"YearNumber":2021,"ScheduledStartOfDay":"2021-11-17T13:00:00","ScheduledEndOfDay":"2021-11-17T16:00:00","LocationID":61,"RoomID":null,"UTCOffSet":-6,"SchedPrefRemarks":""},{"UserID":632,"OpeningStartDateLocal":"2021-11-17T14:00:00","OpeningEndDateLocal":"2021-11-17T15:00:00","OpenDurationInMinutes":60,"OpenDurationInHours":1.000000,"Remarks":"1:00 hr opening","DayNumber":4,"WeekNumber":47,"YearNumber":2021,"ScheduledStartOfDay":"2021-11-17T13:00:00","ScheduledEndOfDay":"2021-11-17T16:00:00","LocationID":61,"RoomID":null,"UTCOffSet":-6,"SchedPrefRemarks":""},{"UserID":632,"OpeningStartDateLocal":"2021-11-18T08:00:00","OpeningEndDateLocal":"2021-11-18T11:00:00","OpenDurationInMinutes":180,"OpenDurationInHours":3.000000,"Remarks":"3:00 hr opening","DayNumber":5,"WeekNumber":47,"YearNumber":2021,"ScheduledStartOfDay":"2021-11-18T08:00:00","ScheduledEndOfDay":"2021-11-18T12:00:00","LocationID":61,"RoomID":null,"UTCOffSet":-6,"SchedPrefRemarks":""},{"UserID":632,"OpeningStartDateLocal":"2021-11-18T08:00:00","OpeningEndDateLocal":"2021-11-18T11:00:00","OpenDurationInMinutes":180,"OpenDurationInHours":3.000000,"Remarks":"3:00 hr opening","DayNumber":5,"WeekNumber":47,"YearNumber":2021,"ScheduledStartOfDay":"2021-11-18T08:00:00","ScheduledEndOfDay":"2021-11-18T12:00:00","LocationID":61,"RoomID":null,"UTCOffSet":-6,"SchedPrefRemarks":""},{"UserID":632,"OpeningStartDateLocal":"2021-11-18T08:00:00","OpeningEndDateLocal":"2021-11-18T11:00:00","OpenDurationInMinutes":180,"OpenDurationInHours":3.000000,"Remarks":"3:00 hr opening","DayNumber":5,"WeekNumber":47,"YearNumber":2021,"ScheduledStartOfDay":"2021-11-18T08:00:00","ScheduledEndOfDay":"2021-11-18T12:00:00","LocationID":61,"RoomID":null,"UTCOffSet":-6,"SchedPrefRemarks":""},{"UserID":632,"OpeningStartDateLocal":"2021-11-18T08:00:00","OpeningEndDateLocal":"2021-11-18T11:00:00","OpenDurationInMinutes":180,"OpenDurationInHours":3.000000,"Remarks":"3:00 hr opening","DayNumber":5,"WeekNumber":47,"YearNumber":2021,"ScheduledStartOfDay":"2021-11-18T08:00:00","ScheduledEndOfDay":"2021-11-18T12:00:00","LocationID":61,"RoomID":null,"UTCOffSet":-6,"SchedPrefRemarks":""},{"UserID":632,"OpeningStartDateLocal":"2021-11-18T08:00:00","OpeningEndDateLocal":"2021-11-18T11:00:00","OpenDurationInMinutes":180,"OpenDurationInHours":3.000000,"Remarks":"3:00 hr opening","DayNumber":5,"WeekNumber":47,"YearNumber":2021,"ScheduledStartOfDay":"2021-11-18T08:00:00","ScheduledEndOfDay":"2021-11-18T12:00:00","LocationID":61,"RoomID":null,"UTCOffSet":-6,"SchedPrefRemarks":""},{"UserID":632,"OpeningStartDateLocal":"2021-11-18T08:00:00","OpeningEndDateLocal":"2021-11-18T11:00:00","OpenDurationInMinutes":180,"OpenDurationInHours":3.000000,"Remarks":"3:00 hr opening","DayNumber":5,"WeekNumber":47,"YearNumber":2021,"ScheduledStartOfDay":"2021-11-18T08:00:00","ScheduledEndOfDay":"2021-11-18T12:00:00","LocationID":61,"RoomID":null,"UTCOffSet":-6,"SchedPrefRemarks":""},{"UserID":632,"OpeningStartDateLocal":"2021-11-18T08:00:00","OpeningEndDateLocal":"2021-11-18T11:00:00","OpenDurationInMinutes":180,"OpenDurationInHours":3.000000,"Remarks":"3:00 hr opening","DayNumber":5,"WeekNumber":47,"YearNumber":2021,"ScheduledStartOfDay":"2021-11-18T08:00:00","ScheduledEndOfDay":"2021-11-18T12:00:00","LocationID":61,"RoomID":null,"UTCOffSet":-6,"SchedPrefRemarks":""},{"UserID":632,"OpeningStartDateLocal":"2021-11-18T08:00:00","OpeningEndDateLocal":"2021-11-18T11:00:00","OpenDurationInMinutes":180,"OpenDurationInHours":3.000000,"Remarks":"3:00 hr opening","DayNumber":5,"WeekNumber":47,"YearNumber":2021,"ScheduledStartOfDay":"2021-11-18T08:00:00","ScheduledEndOfDay":"2021-11-18T12:00:00","LocationID":61,"RoomID":null,"UTCOffSet":-6,"SchedPrefRemarks":""},{"UserID":632,"OpeningStartDateLocal":"2021-11-18T08:00:00","OpeningEndDateLocal":"2021-11-18T11:00:00","OpenDurationInMinutes":180,"OpenDurationInHours":3.000000,"Remarks":"3:00 hr opening","DayNumber":5,"WeekNumber":47,"YearNumber":2021,"ScheduledStartOfDay":"2021-11-18T08:00:00","ScheduledEndOfDay":"2021-11-18T12:00:00","LocationID":61,"RoomID":null,"UTCOffSet":-6,"SchedPrefRemarks":""},{"UserID":632,"OpeningStartDateLocal":"2021-11-18T08:00:00","OpeningEndDateLocal":"2021-11-18T11:00:00","OpenDurationInMinutes":180,"OpenDurationInHours":3.000000,"Remarks":"3:00 hr opening","DayNumber":5,"WeekNumber":47,"YearNumber":2021,"ScheduledStartOfDay":"2021-11-18T08:00:00","ScheduledEndOfDay":"2021-11-18T12:00:00","LocationID":61,"RoomID":null,"UTCOffSet":-6,"SchedPrefRemarks":""},{"UserID":632,"OpeningStartDateLocal":"2021-11-18T14:00:00","OpeningEndDateLocal":"2021-11-18T15:00:00","OpenDurationInMinutes":60,"OpenDurationInHours":1.000000,"Remarks":"1:00 hr opening","DayNumber":5,"WeekNumber":47,"YearNumber":2021,"ScheduledStartOfDay":"2021-11-18T13:00:00","ScheduledEndOfDay":"2021-11-18T16:00:00","LocationID":61,"RoomID":null,"UTCOffSet":-6,"SchedPrefRemarks":""},{"UserID":632,"OpeningStartDateLocal":"2021-11-18T14:00:00","OpeningEndDateLocal":"2021-11-18T15:00:00","OpenDurationInMinutes":60,"OpenDurationInHours":1.000000,"Remarks":"1:00 hr opening","DayNumber":5,"WeekNumber":47,"YearNumber":2021,"ScheduledStartOfDay":"2021-11-18T13:00:00","ScheduledEndOfDay":"2021-11-18T16:00:00","LocationID":61,"RoomID":null,"UTCOffSet":-6,"SchedPrefRemarks":""},{"UserID":632,"OpeningStartDateLocal":"2021-11-18T14:00:00","OpeningEndDateLocal":"2021-11-18T15:00:00","OpenDurationInMinutes":60,"OpenDurationInHours":1.000000,"Remarks":"1:00 hr opening","DayNumber":5,"WeekNumber":47,"YearNumber":2021,"ScheduledStartOfDay":"2021-11-18T13:00:00","ScheduledEndOfDay":"2021-11-18T16:00:00","LocationID":61,"RoomID":null,"UTCOffSet":-6,"SchedPrefRemarks":""},{"UserID":632,"OpeningStartDateLocal":"2021-11-18T14:00:00","OpeningEndDateLocal":"2021-11-18T15:00:00","OpenDurationInMinutes":60,"OpenDurationInHours":1.000000,"Remarks":"1:00 hr opening","DayNumber":5,"WeekNumber":47,"YearNumber":2021,"ScheduledStartOfDay":"2021-11-18T13:00:00","ScheduledEndOfDay":"2021-11-18T16:00:00","LocationID":61,"RoomID":null,"UTCOffSet":-6,"SchedPrefRemarks":""},{"UserID":632,"OpeningStartDateLocal":"2021-11-18T14:00:00","OpeningEndDateLocal":"2021-11-18T15:00:00","OpenDurationInMinutes":60,"OpenDurationInHours":1.000000,"Remarks":"1:00 hr opening","DayNumber":5,"WeekNumber":47,"YearNumber":2021,"ScheduledStartOfDay":"2021-11-18T13:00:00","ScheduledEndOfDay":"2021-11-18T16:00:00","LocationID":61,"RoomID":null,"UTCOffSet":-6,"SchedPrefRemarks":""},{"UserID":632,"OpeningStartDateLocal":"2021-11-18T14:00:00","OpeningEndDateLocal":"2021-11-18T15:00:00","OpenDurationInMinutes":60,"OpenDurationInHours":1.000000,"Remarks":"1:00 hr opening","DayNumber":5,"WeekNumber":47,"YearNumber":2021,"ScheduledStartOfDay":"2021-11-18T13:00:00","ScheduledEndOfDay":"2021-11-18T16:00:00","LocationID":61,"RoomID":null,"UTCOffSet":-6,"SchedPrefRemarks":""},{"UserID":632,"OpeningStartDateLocal":"2021-11-18T14:00:00","OpeningEndDateLocal":"2021-11-18T15:00:00","OpenDurationInMinutes":60,"OpenDurationInHours":1.000000,"Remarks":"1:00 hr opening","DayNumber":5,"WeekNumber":47,"YearNumber":2021,"ScheduledStartOfDay":"2021-11-18T13:00:00","ScheduledEndOfDay":"2021-11-18T16:00:00","LocationID":61,"RoomID":null,"UTCOffSet":-6,"SchedPrefRemarks":""},{"UserID":632,"OpeningStartDateLocal":"2021-11-18T14:00:00","OpeningEndDateLocal":"2021-11-18T15:00:00","OpenDurationInMinutes":60,"OpenDurationInHours":1.000000,"Remarks":"1:00 hr opening","DayNumber":5,"WeekNumber":47,"YearNumber":2021,"ScheduledStartOfDay":"2021-11-18T13:00:00","ScheduledEndOfDay":"2021-11-18T16:00:00","LocationID":61,"RoomID":null,"UTCOffSet":-6,"SchedPrefRemarks":""},{"UserID":632,"OpeningStartDateLocal":"2021-11-18T14:00:00","OpeningEndDateLocal":"2021-11-18T15:00:00","OpenDurationInMinutes":60,"OpenDurationInHours":1.000000,"Remarks":"1:00 hr opening","DayNumber":5,"WeekNumber":47,"YearNumber":2021,"ScheduledStartOfDay":"2021-11-18T13:00:00","ScheduledEndOfDay":"2021-11-18T16:00:00","LocationID":61,"RoomID":null,"UTCOffSet":-6,"SchedPrefRemarks":""},{"UserID":632,"OpeningStartDateLocal":"2021-11-18T14:00:00","OpeningEndDateLocal":"2021-11-18T15:00:00","OpenDurationInMinutes":60,"OpenDurationInHours":1.000000,"Remarks":"1:00 hr opening","DayNumber":5,"WeekNumber":47,"YearNumber":2021,"ScheduledStartOfDay":"2021-11-18T13:00:00","ScheduledEndOfDay":"2021-11-18T16:00:00","LocationID":61,"RoomID":null,"UTCOffSet":-6,"SchedPrefRemarks":""},{"UserID":632,"OpeningStartDateLocal":"2021-11-19T08:00:00","OpeningEndDateLocal":"2021-11-19T10:00:00","OpenDurationInMinutes":120,"OpenDurationInHours":2.000000,"Remarks":"2:00 hr opening","DayNumber":6,"WeekNumber":47,"YearNumber":2021,"ScheduledStartOfDay":"2021-11-19T08:00:00","ScheduledEndOfDay":"2021-11-19T12:00:00","LocationID":61,"RoomID":null,"UTCOffSet":-6,"SchedPrefRemarks":""},{"UserID":632,"OpeningStartDateLocal":"2021-11-19T08:00:00","OpeningEndDateLocal":"2021-11-19T10:00:00","OpenDurationInMinutes":120,"OpenDurationInHours":2.000000,"Remarks":"2:00 hr opening","DayNumber":6,"WeekNumber":47,"YearNumber":2021,"ScheduledStartOfDay":"2021-11-19T08:00:00","ScheduledEndOfDay":"2021-11-19T12:00:00","LocationID":61,"RoomID":null,"UTCOffSet":-6,"SchedPrefRemarks":""},{"UserID":632,"OpeningStartDateLocal":"2021-11-19T08:00:00","OpeningEndDateLocal":"2021-11-19T10:00:00","OpenDurationInMinutes":120,"OpenDurationInHours":2.000000,"Remarks":"2:00 hr opening","DayNumber":6,"WeekNumber":47,"YearNumber":2021,"ScheduledStartOfDay":"2021-11-19T08:00:00","ScheduledEndOfDay":"2021-11-19T12:00:00","LocationID":61,"RoomID":null,"UTCOffSet":-6,"SchedPrefRemarks":""},{"UserID":632,"OpeningStartDateLocal":"2021-11-19T08:00:00","OpeningEndDateLocal":"2021-11-19T10:00:00","OpenDurationInMinutes":120,"OpenDurationInHours":2.000000,"Remarks":"2:00 hr opening","DayNumber":6,"WeekNumber":47,"YearNumber":2021,"ScheduledStartOfDay":"2021-11-19T08:00:00","ScheduledEndOfDay":"2021-11-19T12:00:00","LocationID":61,"RoomID":null,"UTCOffSet":-6,"SchedPrefRemarks":""},{"UserID":632,"OpeningStartDateLocal":"2021-11-19T08:00:00","OpeningEndDateLocal":"2021-11-19T10:00:00","OpenDurationInMinutes":120,"OpenDurationInHours":2.000000,"Remarks":"2:00 hr opening","DayNumber":6,"WeekNumber":47,"YearNumber":2021,"ScheduledStartOfDay":"2021-11-19T08:00:00","ScheduledEndOfDay":"2021-11-19T12:00:00","LocationID":61,"RoomID":null,"UTCOffSet":-6,"SchedPrefRemarks":""},{"UserID":632,"OpeningStartDateLocal":"2021-11-19T08:00:00","OpeningEndDateLocal":"2021-11-19T10:00:00","OpenDurationInMinutes":120,"OpenDurationInHours":2.000000,"Remarks":"2:00 hr opening","DayNumber":6,"WeekNumber":47,"YearNumber":2021,"ScheduledStartOfDay":"2021-11-19T08:00:00","ScheduledEndOfDay":"2021-11-19T12:00:00","LocationID":61,"RoomID":null,"UTCOffSet":-6,"SchedPrefRemarks":""},{"UserID":632,"OpeningStartDateLocal":"2021-11-19T08:00:00","OpeningEndDateLocal":"2021-11-19T10:00:00","OpenDurationInMinutes":120,"OpenDurationInHours":2.000000,"Remarks":"2:00 hr opening","DayNumber":6,"WeekNumber":47,"YearNumber":2021,"ScheduledStartOfDay":"2021-11-19T08:00:00","ScheduledEndOfDay":"2021-11-19T12:00:00","LocationID":61,"RoomID":null,"UTCOffSet":-6,"SchedPrefRemarks":""},{"UserID":632,"OpeningStartDateLocal":"2021-11-19T08:00:00","OpeningEndDateLocal":"2021-11-19T10:00:00","OpenDurationInMinutes":120,"OpenDurationInHours":2.000000,"Remarks":"2:00 hr opening","DayNumber":6,"WeekNumber":47,"YearNumber":2021,"ScheduledStartOfDay":"2021-11-19T08:00:00","ScheduledEndOfDay":"2021-11-19T12:00:00","LocationID":61,"RoomID":null,"UTCOffSet":-6,"SchedPrefRemarks":""},{"UserID":632,"OpeningStartDateLocal":"2021-11-19T08:00:00","OpeningEndDateLocal":"2021-11-19T10:00:00","OpenDurationInMinutes":120,"OpenDurationInHours":2.000000,"Remarks":"2:00 hr opening","DayNumber":6,"WeekNumber":47,"YearNumber":2021,"ScheduledStartOfDay":"2021-11-19T08:00:00","ScheduledEndOfDay":"2021-11-19T12:00:00","LocationID":61,"RoomID":null,"UTCOffSet":-6,"SchedPrefRemarks":""},{"UserID":632,"OpeningStartDateLocal":"2021-11-19T08:00:00","OpeningEndDateLocal":"2021-11-19T10:00:00","OpenDurationInMinutes":120,"OpenDurationInHours":2.000000,"Remarks":"2:00 hr opening","DayNumber":6,"WeekNumber":47,"YearNumber":2021,"ScheduledStartOfDay":"2021-11-19T08:00:00","ScheduledEndOfDay":"2021-11-19T12:00:00","LocationID":61,"RoomID":null,"UTCOffSet":-6,"SchedPrefRemarks":""},{"UserID":632,"OpeningStartDateLocal":"2021-11-22T08:00:00","OpeningEndDateLocal":"2021-11-22T10:00:00","OpenDurationInMinutes":120,"OpenDurationInHours":2.000000,"Remarks":"2:00 hr opening","DayNumber":2,"WeekNumber":48,"YearNumber":2021,"ScheduledStartOfDay":"2021-11-22T08:00:00","ScheduledEndOfDay":"2021-11-22T12:00:00","LocationID":61,"RoomID":null,"UTCOffSet":-6,"SchedPrefRemarks":""},{"UserID":632,"OpeningStartDateLocal":"2021-11-22T08:00:00","OpeningEndDateLocal":"2021-11-22T10:00:00","OpenDurationInMinutes":120,"OpenDurationInHours":2.000000,"Remarks":"2:00 hr opening","DayNumber":2,"WeekNumber":48,"YearNumber":2021,"ScheduledStartOfDay":"2021-11-22T08:00:00","ScheduledEndOfDay":"2021-11-22T12:00:00","LocationID":61,"RoomID":null,"UTCOffSet":-6,"SchedPrefRemarks":""},{"UserID":632,"OpeningStartDateLocal":"2021-11-22T08:00:00","OpeningEndDateLocal":"2021-11-22T10:00:00","OpenDurationInMinutes":120,"OpenDurationInHours":2.000000,"Remarks":"2:00 hr opening","DayNumber":2,"WeekNumber":48,"YearNumber":2021,"ScheduledStartOfDay":"2021-11-22T08:00:00","ScheduledEndOfDay":"2021-11-22T12:00:00","LocationID":61,"RoomID":null,"UTCOffSet":-6,"SchedPrefRemarks":""},{"UserID":632,"OpeningStartDateLocal":"2021-11-22T08:00:00","OpeningEndDateLocal":"2021-11-22T10:00:00","OpenDurationInMinutes":120,"OpenDurationInHours":2.000000,"Remarks":"2:00 hr opening","DayNumber":2,"WeekNumber":48,"YearNumber":2021,"ScheduledStartOfDay":"2021-11-22T08:00:00","ScheduledEndOfDay":"2021-11-22T12:00:00","LocationID":61,"RoomID":null,"UTCOffSet":-6,"SchedPrefRemarks":""},{"UserID":632,"OpeningStartDateLocal":"2021-11-22T08:00:00","OpeningEndDateLocal":"2021-11-22T10:00:00","OpenDurationInMinutes":120,"OpenDurationInHours":2.000000,"Remarks":"2:00 hr opening","DayNumber":2,"WeekNumber":48,"YearNumber":2021,"ScheduledStartOfDay":"2021-11-22T08:00:00","ScheduledEndOfDay":"2021-11-22T12:00:00","LocationID":61,"RoomID":null,"UTCOffSet":-6,"SchedPrefRemarks":""},{"UserID":632,"OpeningStartDateLocal":"2021-11-22T08:00:00","OpeningEndDateLocal":"2021-11-22T10:00:00","OpenDurationInMinutes":120,"OpenDurationInHours":2.000000,"Remarks":"2:00 hr opening","DayNumber":2,"WeekNumber":48,"YearNumber":2021,"ScheduledStartOfDay":"2021-11-22T08:00:00","ScheduledEndOfDay":"2021-11-22T12:00:00","LocationID":61,"RoomID":null,"UTCOffSet":-6,"SchedPrefRemarks":""},{"UserID":632,"OpeningStartDateLocal":"2021-11-22T08:00:00","OpeningEndDateLocal":"2021-11-22T10:00:00","OpenDurationInMinutes":120,"OpenDurationInHours":2.000000,"Remarks":"2:00 hr opening","DayNumber":2,"WeekNumber":48,"YearNumber":2021,"ScheduledStartOfDay":"2021-11-22T08:00:00","ScheduledEndOfDay":"2021-11-22T12:00:00","LocationID":61,"RoomID":null,"UTCOffSet":-6,"SchedPrefRemarks":""},{"UserID":632,"OpeningStartDateLocal":"2021-11-22T08:00:00","OpeningEndDateLocal":"2021-11-22T10:00:00","OpenDurationInMinutes":120,"OpenDurationInHours":2.000000,"Remarks":"2:00 hr opening","DayNumber":2,"WeekNumber":48,"YearNumber":2021,"ScheduledStartOfDay":"2021-11-22T08:00:00","ScheduledEndOfDay":"2021-11-22T12:00:00","LocationID":61,"RoomID":null,"UTCOffSet":-6,"SchedPrefRemarks":""},{"UserID":632,"OpeningStartDateLocal":"2021-11-22T08:00:00","OpeningEndDateLocal":"2021-11-22T10:00:00","OpenDurationInMinutes":120,"OpenDurationInHours":2.000000,"Remarks":"2:00 hr opening","DayNumber":2,"WeekNumber":48,"YearNumber":2021,"ScheduledStartOfDay":"2021-11-22T08:00:00","ScheduledEndOfDay":"2021-11-22T12:00:00","LocationID":61,"RoomID":null,"UTCOffSet":-6,"SchedPrefRemarks":""},{"UserID":632,"OpeningStartDateLocal":"2021-11-22T08:00:00","OpeningEndDateLocal":"2021-11-22T10:00:00","OpenDurationInMinutes":120,"OpenDurationInHours":2.000000,"Remarks":"2:00 hr opening","DayNumber":2,"WeekNumber":48,"YearNumber":2021,"ScheduledStartOfDay":"2021-11-22T08:00:00","ScheduledEndOfDay":"2021-11-22T12:00:00","LocationID":61,"RoomID":null,"UTCOffSet":-6,"SchedPrefRemarks":""},{"UserID":632,"OpeningStartDateLocal":"2021-11-23T08:00:00","OpeningEndDateLocal":"2021-11-23T10:00:00","OpenDurationInMinutes":120,"OpenDurationInHours":2.000000,"Remarks":"2:00 hr opening","DayNumber":3,"WeekNumber":48,"YearNumber":2021,"ScheduledStartOfDay":"2021-11-23T08:00:00","ScheduledEndOfDay":"2021-11-23T12:00:00","LocationID":61,"RoomID":null,"UTCOffSet":-6,"SchedPrefRemarks":""},{"UserID":632,"OpeningStartDateLocal":"2021-11-23T08:00:00","OpeningEndDateLocal":"2021-11-23T10:00:00","OpenDurationInMinutes":120,"OpenDurationInHours":2.000000,"Remarks":"2:00 hr opening","DayNumber":3,"WeekNumber":48,"YearNumber":2021,"ScheduledStartOfDay":"2021-11-23T08:00:00","ScheduledEndOfDay":"2021-11-23T12:00:00","LocationID":61,"RoomID":null,"UTCOffSet":-6,"SchedPrefRemarks":""},{"UserID":632,"OpeningStartDateLocal":"2021-11-23T08:00:00","OpeningEndDateLocal":"2021-11-23T10:00:00","OpenDurationInMinutes":120,"OpenDurationInHours":2.000000,"Remarks":"2:00 hr opening","DayNumber":3,"WeekNumber":48,"YearNumber":2021,"ScheduledStartOfDay":"2021-11-23T08:00:00","ScheduledEndOfDay":"2021-11-23T12:00:00","LocationID":61,"RoomID":null,"UTCOffSet":-6,"SchedPrefRemarks":""},{"UserID":632,"OpeningStartDateLocal":"2021-11-23T08:00:00","OpeningEndDateLocal":"2021-11-23T10:00:00","OpenDurationInMinutes":120,"OpenDurationInHours":2.000000,"Remarks":"2:00 hr opening","DayNumber":3,"WeekNumber":48,"YearNumber":2021,"ScheduledStartOfDay":"2021-11-23T08:00:00","ScheduledEndOfDay":"2021-11-23T12:00:00","LocationID":61,"RoomID":null,"UTCOffSet":-6,"SchedPrefRemarks":""},{"UserID":632,"OpeningStartDateLocal":"2021-11-23T08:00:00","OpeningEndDateLocal":"2021-11-23T10:00:00","OpenDurationInMinutes":120,"OpenDurationInHours":2.000000,"Remarks":"2:00 hr opening","DayNumber":3,"WeekNumber":48,"YearNumber":2021,"ScheduledStartOfDay":"2021-11-23T08:00:00","ScheduledEndOfDay":"2021-11-23T12:00:00","LocationID":61,"RoomID":null,"UTCOffSet":-6,"SchedPrefRemarks":""},{"UserID":632,"OpeningStartDateLocal":"2021-11-23T08:00:00","OpeningEndDateLocal":"2021-11-23T10:00:00","OpenDurationInMinutes":120,"OpenDurationInHours":2.000000,"Remarks":"2:00 hr opening","DayNumber":3,"WeekNumber":48,"YearNumber":2021,"ScheduledStartOfDay":"2021-11-23T08:00:00","ScheduledEndOfDay":"2021-11-23T12:00:00","LocationID":61,"RoomID":null,"UTCOffSet":-6,"SchedPrefRemarks":""},{"UserID":632,"OpeningStartDateLocal":"2021-11-23T08:00:00","OpeningEndDateLocal":"2021-11-23T10:00:00","OpenDurationInMinutes":120,"OpenDurationInHours":2.000000,"Remarks":"2:00 hr opening","DayNumber":3,"WeekNumber":48,"YearNumber":2021,"ScheduledStartOfDay":"2021-11-23T08:00:00","ScheduledEndOfDay":"2021-11-23T12:00:00","LocationID":61,"RoomID":null,"UTCOffSet":-6,"SchedPrefRemarks":""},{"UserID":632,"OpeningStartDateLocal":"2021-11-23T08:00:00","OpeningEndDateLocal":"2021-11-23T10:00:00","OpenDurationInMinutes":120,"OpenDurationInHours":2.000000,"Remarks":"2:00 hr opening","DayNumber":3,"WeekNumber":48,"YearNumber":2021,"ScheduledStartOfDay":"2021-11-23T08:00:00","ScheduledEndOfDay":"2021-11-23T12:00:00","LocationID":61,"RoomID":null,"UTCOffSet":-6,"SchedPrefRemarks":""},{"UserID":632,"OpeningStartDateLocal":"2021-11-23T08:00:00","OpeningEndDateLocal":"2021-11-23T10:00:00","OpenDurationInMinutes":120,"OpenDurationInHours":2.000000,"Remarks":"2:00 hr opening","DayNumber":3,"WeekNumber":48,"YearNumber":2021,"ScheduledStartOfDay":"2021-11-23T08:00:00","ScheduledEndOfDay":"2021-11-23T12:00:00","LocationID":61,"RoomID":null,"UTCOffSet":-6,"SchedPrefRemarks":""},{"UserID":632,"OpeningStartDateLocal":"2021-11-23T08:00:00","OpeningEndDateLocal":"2021-11-23T10:00:00","OpenDurationInMinutes":120,"OpenDurationInHours":2.000000,"Remarks":"2:00 hr opening","DayNumber":3,"WeekNumber":48,"YearNumber":2021,"ScheduledStartOfDay":"2021-11-23T08:00:00","ScheduledEndOfDay":"2021-11-23T12:00:00","LocationID":61,"RoomID":null,"UTCOffSet":-6,"SchedPrefRemarks":""},{"UserID":632,"OpeningStartDateLocal":"2021-11-24T08:00:00","OpeningEndDateLocal":"2021-11-24T09:00:00","OpenDurationInMinutes":60,"OpenDurationInHours":1.000000,"Remarks":"1:00 hr opening","DayNumber":4,"WeekNumber":48,"YearNumber":2021,"ScheduledStartOfDay":"2021-11-24T08:00:00","ScheduledEndOfDay":"2021-11-24T12:00:00","LocationID":61,"RoomID":null,"UTCOffSet":-6,"SchedPrefRemarks":""},{"UserID":632,"OpeningStartDateLocal":"2021-11-24T08:00:00","OpeningEndDateLocal":"2021-11-24T09:00:00","OpenDurationInMinutes":60,"OpenDurationInHours":1.000000,"Remarks":"1:00 hr opening","DayNumber":4,"WeekNumber":48,"YearNumber":2021,"ScheduledStartOfDay":"2021-11-24T08:00:00","ScheduledEndOfDay":"2021-11-24T12:00:00","LocationID":61,"RoomID":null,"UTCOffSet":-6,"SchedPrefRemarks":""},{"UserID":632,"OpeningStartDateLocal":"2021-11-24T08:00:00","OpeningEndDateLocal":"2021-11-24T09:00:00","OpenDurationInMinutes":60,"OpenDurationInHours":1.000000,"Remarks":"1:00 hr opening","DayNumber":4,"WeekNumber":48,"YearNumber":2021,"ScheduledStartOfDay":"2021-11-24T08:00:00","ScheduledEndOfDay":"2021-11-24T12:00:00","LocationID":61,"RoomID":null,"UTCOffSet":-6,"SchedPrefRemarks":""},{"UserID":632,"OpeningStartDateLocal":"2021-11-24T08:00:00","OpeningEndDateLocal":"2021-11-24T09:00:00","OpenDurationInMinutes":60,"OpenDurationInHours":1.000000,"Remarks":"1:00 hr opening","DayNumber":4,"WeekNumber":48,"YearNumber":2021,"ScheduledStartOfDay":"2021-11-24T08:00:00","ScheduledEndOfDay":"2021-11-24T12:00:00","LocationID":61,"RoomID":null,"UTCOffSet":-6,"SchedPrefRemarks":""},{"UserID":632,"OpeningStartDateLocal":"2021-11-24T08:00:00","OpeningEndDateLocal":"2021-11-24T09:00:00","OpenDurationInMinutes":60,"OpenDurationInHours":1.000000,"Remarks":"1:00 hr opening","DayNumber":4,"WeekNumber":48,"YearNumber":2021,"ScheduledStartOfDay":"2021-11-24T08:00:00","ScheduledEndOfDay":"2021-11-24T12:00:00","LocationID":61,"RoomID":null,"UTCOffSet":-6,"SchedPrefRemarks":""},{"UserID":632,"OpeningStartDateLocal":"2021-11-24T08:00:00","OpeningEndDateLocal":"2021-11-24T09:00:00","OpenDurationInMinutes":60,"OpenDurationInHours":1.000000,"Remarks":"1:00 hr opening","DayNumber":4,"WeekNumber":48,"YearNumber":2021,"ScheduledStartOfDay":"2021-11-24T08:00:00","ScheduledEndOfDay":"2021-11-24T12:00:00","LocationID":61,"RoomID":null,"UTCOffSet":-6,"SchedPrefRemarks":""},{"UserID":632,"OpeningStartDateLocal":"2021-11-24T08:00:00","OpeningEndDateLocal":"2021-11-24T09:00:00","OpenDurationInMinutes":60,"OpenDurationInHours":1.000000,"Remarks":"1:00 hr opening","DayNumber":4,"WeekNumber":48,"YearNumber":2021,"ScheduledStartOfDay":"2021-11-24T08:00:00","ScheduledEndOfDay":"2021-11-24T12:00:00","LocationID":61,"RoomID":null,"UTCOffSet":-6,"SchedPrefRemarks":""},{"UserID":632,"OpeningStartDateLocal":"2021-11-24T08:00:00","OpeningEndDateLocal":"2021-11-24T09:00:00","OpenDurationInMinutes":60,"OpenDurationInHours":1.000000,"Remarks":"1:00 hr opening","DayNumber":4,"WeekNumber":48,"YearNumber":2021,"ScheduledStartOfDay":"2021-11-24T08:00:00","ScheduledEndOfDay":"2021-11-24T12:00:00","LocationID":61,"RoomID":null,"UTCOffSet":-6,"SchedPrefRemarks":""},{"UserID":632,"OpeningStartDateLocal":"2021-11-24T08:00:00","OpeningEndDateLocal":"2021-11-24T09:00:00","OpenDurationInMinutes":60,"OpenDurationInHours":1.000000,"Remarks":"1:00 hr opening","DayNumber":4,"WeekNumber":48,"YearNumber":2021,"ScheduledStartOfDay":"2021-11-24T08:00:00","ScheduledEndOfDay":"2021-11-24T12:00:00","LocationID":61,"RoomID":null,"UTCOffSet":-6,"SchedPrefRemarks":""},{"UserID":632,"OpeningStartDateLocal":"2021-11-24T08:00:00","OpeningEndDateLocal":"2021-11-24T09:00:00","OpenDurationInMinutes":60,"OpenDurationInHours":1.000000,"Remarks":"1:00 hr opening","DayNumber":4,"WeekNumber":48,"YearNumber":2021,"ScheduledStartOfDay":"2021-11-24T08:00:00","ScheduledEndOfDay":"2021-11-24T12:00:00","LocationID":61,"RoomID":null,"UTCOffSet":-6,"SchedPrefRemarks":""},{"UserID":632,"OpeningStartDateLocal":"2021-11-25T08:00:00","OpeningEndDateLocal":"2021-11-25T10:00:00","OpenDurationInMinutes":120,"OpenDurationInHours":2.000000,"Remarks":"2:00 hr opening","DayNumber":5,"WeekNumber":48,"YearNumber":2021,"ScheduledStartOfDay":"2021-11-25T08:00:00","ScheduledEndOfDay":"2021-11-25T12:00:00","LocationID":61,"RoomID":null,"UTCOffSet":-6,"SchedPrefRemarks":""},{"UserID":632,"OpeningStartDateLocal":"2021-11-25T08:00:00","OpeningEndDateLocal":"2021-11-25T10:00:00","OpenDurationInMinutes":120,"OpenDurationInHours":2.000000,"Remarks":"2:00 hr opening","DayNumber":5,"WeekNumber":48,"YearNumber":2021,"ScheduledStartOfDay":"2021-11-25T08:00:00","ScheduledEndOfDay":"2021-11-25T12:00:00","LocationID":61,"RoomID":null,"UTCOffSet":-6,"SchedPrefRemarks":""},{"UserID":632,"OpeningStartDateLocal":"2021-11-25T08:00:00","OpeningEndDateLocal":"2021-11-25T10:00:00","OpenDurationInMinutes":120,"OpenDurationInHours":2.000000,"Remarks":"2:00 hr opening","DayNumber":5,"WeekNumber":48,"YearNumber":2021,"ScheduledStartOfDay":"2021-11-25T08:00:00","ScheduledEndOfDay":"2021-11-25T12:00:00","LocationID":61,"RoomID":null,"UTCOffSet":-6,"SchedPrefRemarks":""},{"UserID":632,"OpeningStartDateLocal":"2021-11-25T08:00:00","OpeningEndDateLocal":"2021-11-25T10:00:00","OpenDurationInMinutes":120,"OpenDurationInHours":2.000000,"Remarks":"2:00 hr opening","DayNumber":5,"WeekNumber":48,"YearNumber":2021,"ScheduledStartOfDay":"2021-11-25T08:00:00","ScheduledEndOfDay":"2021-11-25T12:00:00","LocationID":61,"RoomID":null,"UTCOffSet":-6,"SchedPrefRemarks":""},{"UserID":632,"OpeningStartDateLocal":"2021-11-25T08:00:00","OpeningEndDateLocal":"2021-11-25T10:00:00","OpenDurationInMinutes":120,"OpenDurationInHours":2.000000,"Remarks":"2:00 hr opening","DayNumber":5,"WeekNumber":48,"YearNumber":2021,"ScheduledStartOfDay":"2021-11-25T08:00:00","ScheduledEndOfDay":"2021-11-25T12:00:00","LocationID":61,"RoomID":null,"UTCOffSet":-6,"SchedPrefRemarks":""},{"UserID":632,"OpeningStartDateLocal":"2021-11-25T08:00:00","OpeningEndDateLocal":"2021-11-25T10:00:00","OpenDurationInMinutes":120,"OpenDurationInHours":2.000000,"Remarks":"2:00 hr opening","DayNumber":5,"WeekNumber":48,"YearNumber":2021,"ScheduledStartOfDay":"2021-11-25T08:00:00","ScheduledEndOfDay":"2021-11-25T12:00:00","LocationID":61,"RoomID":null,"UTCOffSet":-6,"SchedPrefRemarks":""},{"UserID":632,"OpeningStartDateLocal":"2021-11-25T08:00:00","OpeningEndDateLocal":"2021-11-25T10:00:00","OpenDurationInMinutes":120,"OpenDurationInHours":2.000000,"Remarks":"2:00 hr opening","DayNumber":5,"WeekNumber":48,"YearNumber":2021,"ScheduledStartOfDay":"2021-11-25T08:00:00","ScheduledEndOfDay":"2021-11-25T12:00:00","LocationID":61,"RoomID":null,"UTCOffSet":-6,"SchedPrefRemarks":""},{"UserID":632,"OpeningStartDateLocal":"2021-11-25T08:00:00","OpeningEndDateLocal":"2021-11-25T10:00:00","OpenDurationInMinutes":120,"OpenDurationInHours":2.000000,"Remarks":"2:00 hr opening","DayNumber":5,"WeekNumber":48,"YearNumber":2021,"ScheduledStartOfDay":"2021-11-25T08:00:00","ScheduledEndOfDay":"2021-11-25T12:00:00","LocationID":61,"RoomID":null,"UTCOffSet":-6,"SchedPrefRemarks":""},{"UserID":632,"OpeningStartDateLocal":"2021-11-25T08:00:00","OpeningEndDateLocal":"2021-11-25T10:00:00","OpenDurationInMinutes":120,"OpenDurationInHours":2.000000,"Remarks":"2:00 hr opening","DayNumber":5,"WeekNumber":48,"YearNumber":2021,"ScheduledStartOfDay":"2021-11-25T08:00:00","ScheduledEndOfDay":"2021-11-25T12:00:00","LocationID":61,"RoomID":null,"UTCOffSet":-6,"SchedPrefRemarks":""},{"UserID":632,"OpeningStartDateLocal":"2021-11-25T08:00:00","OpeningEndDateLocal":"2021-11-25T10:00:00","OpenDurationInMinutes":120,"OpenDurationInHours":2.000000,"Remarks":"2:00 hr opening","DayNumber":5,"WeekNumber":48,"YearNumber":2021,"ScheduledStartOfDay":"2021-11-25T08:00:00","ScheduledEndOfDay":"2021-11-25T12:00:00","LocationID":61,"RoomID":null,"UTCOffSet":-6,"SchedPrefRemarks":""},{"UserID":632,"OpeningStartDateLocal":"2021-11-26T08:00:00","OpeningEndDateLocal":"2021-11-26T10:00:00","OpenDurationInMinutes":120,"OpenDurationInHours":2.000000,"Remarks":"2:00 hr opening","DayNumber":6,"WeekNumber":48,"YearNumber":2021,"ScheduledStartOfDay":"2021-11-26T08:00:00","ScheduledEndOfDay":"2021-11-26T12:00:00","LocationID":61,"RoomID":null,"UTCOffSet":-6,"SchedPrefRemarks":""},{"UserID":632,"OpeningStartDateLocal":"2021-11-26T08:00:00","OpeningEndDateLocal":"2021-11-26T10:00:00","OpenDurationInMinutes":120,"OpenDurationInHours":2.000000,"Remarks":"2:00 hr opening","DayNumber":6,"WeekNumber":48,"YearNumber":2021,"ScheduledStartOfDay":"2021-11-26T08:00:00","ScheduledEndOfDay":"2021-11-26T12:00:00","LocationID":61,"RoomID":null,"UTCOffSet":-6,"SchedPrefRemarks":""},{"UserID":632,"OpeningStartDateLocal":"2021-11-26T08:00:00","OpeningEndDateLocal":"2021-11-26T10:00:00","OpenDurationInMinutes":120,"OpenDurationInHours":2.000000,"Remarks":"2:00 hr opening","DayNumber":6,"WeekNumber":48,"YearNumber":2021,"ScheduledStartOfDay":"2021-11-26T08:00:00","ScheduledEndOfDay":"2021-11-26T12:00:00","LocationID":61,"RoomID":null,"UTCOffSet":-6,"SchedPrefRemarks":""},{"UserID":632,"OpeningStartDateLocal":"2021-11-26T08:00:00","OpeningEndDateLocal":"2021-11-26T10:00:00","OpenDurationInMinutes":120,"OpenDurationInHours":2.000000,"Remarks":"2:00 hr opening","DayNumber":6,"WeekNumber":48,"YearNumber":2021,"ScheduledStartOfDay":"2021-11-26T08:00:00","ScheduledEndOfDay":"2021-11-26T12:00:00","LocationID":61,"RoomID":null,"UTCOffSet":-6,"SchedPrefRemarks":""},{"UserID":632,"OpeningStartDateLocal":"2021-11-26T08:00:00","OpeningEndDateLocal":"2021-11-26T10:00:00","OpenDurationInMinutes":120,"OpenDurationInHours":2.000000,"Remarks":"2:00 hr opening","DayNumber":6,"WeekNumber":48,"YearNumber":2021,"ScheduledStartOfDay":"2021-11-26T08:00:00","ScheduledEndOfDay":"2021-11-26T12:00:00","LocationID":61,"RoomID":null,"UTCOffSet":-6,"SchedPrefRemarks":""},{"UserID":632,"OpeningStartDateLocal":"2021-11-26T08:00:00","OpeningEndDateLocal":"2021-11-26T10:00:00","OpenDurationInMinutes":120,"OpenDurationInHours":2.000000,"Remarks":"2:00 hr opening","DayNumber":6,"WeekNumber":48,"YearNumber":2021,"ScheduledStartOfDay":"2021-11-26T08:00:00","ScheduledEndOfDay":"2021-11-26T12:00:00","LocationID":61,"RoomID":null,"UTCOffSet":-6,"SchedPrefRemarks":""},{"UserID":632,"OpeningStartDateLocal":"2021-11-26T08:00:00","OpeningEndDateLocal":"2021-11-26T10:00:00","OpenDurationInMinutes":120,"OpenDurationInHours":2.000000,"Remarks":"2:00 hr opening","DayNumber":6,"WeekNumber":48,"YearNumber":2021,"ScheduledStartOfDay":"2021-11-26T08:00:00","ScheduledEndOfDay":"2021-11-26T12:00:00","LocationID":61,"RoomID":null,"UTCOffSet":-6,"SchedPrefRemarks":""},{"UserID":632,"OpeningStartDateLocal":"2021-11-26T08:00:00","OpeningEndDateLocal":"2021-11-26T10:00:00","OpenDurationInMinutes":120,"OpenDurationInHours":2.000000,"Remarks":"2:00 hr opening","DayNumber":6,"WeekNumber":48,"YearNumber":2021,"ScheduledStartOfDay":"2021-11-26T08:00:00","ScheduledEndOfDay":"2021-11-26T12:00:00","LocationID":61,"RoomID":null,"UTCOffSet":-6,"SchedPrefRemarks":""},{"UserID":632,"OpeningStartDateLocal":"2021-11-26T08:00:00","OpeningEndDateLocal":"2021-11-26T10:00:00","OpenDurationInMinutes":120,"OpenDurationInHours":2.000000,"Remarks":"2:00 hr opening","DayNumber":6,"WeekNumber":48,"YearNumber":2021,"ScheduledStartOfDay":"2021-11-26T08:00:00","ScheduledEndOfDay":"2021-11-26T12:00:00","LocationID":61,"RoomID":null,"UTCOffSet":-6,"SchedPrefRemarks":""},{"UserID":632,"OpeningStartDateLocal":"2021-11-26T08:00:00","OpeningEndDateLocal":"2021-11-26T10:00:00","OpenDurationInMinutes":120,"OpenDurationInHours":2.000000,"Remarks":"2:00 hr opening","DayNumber":6,"WeekNumber":48,"YearNumber":2021,"ScheduledStartOfDay":"2021-11-26T08:00:00","ScheduledEndOfDay":"2021-11-26T12:00:00","LocationID":61,"RoomID":null,"UTCOffSet":-6,"SchedPrefRemarks":""},{"UserID":632,"OpeningStartDateLocal":"2021-11-29T08:00:00","OpeningEndDateLocal":"2021-11-29T10:00:00","OpenDurationInMinutes":120,"OpenDurationInHours":2.000000,"Remarks":"2:00 hr opening","DayNumber":2,"WeekNumber":49,"YearNumber":2021,"ScheduledStartOfDay":"2021-11-29T08:00:00","ScheduledEndOfDay":"2021-11-29T12:00:00","LocationID":61,"RoomID":null,"UTCOffSet":-6,"SchedPrefRemarks":""},{"UserID":632,"OpeningStartDateLocal":"2021-11-29T08:00:00","OpeningEndDateLocal":"2021-11-29T10:00:00","OpenDurationInMinutes":120,"OpenDurationInHours":2.000000,"Remarks":"2:00 hr opening","DayNumber":2,"WeekNumber":49,"YearNumber":2021,"ScheduledStartOfDay":"2021-11-29T08:00:00","ScheduledEndOfDay":"2021-11-29T12:00:00","LocationID":61,"RoomID":null,"UTCOffSet":-6,"SchedPrefRemarks":""},{"UserID":632,"OpeningStartDateLocal":"2021-11-29T08:00:00","OpeningEndDateLocal":"2021-11-29T10:00:00","OpenDurationInMinutes":120,"OpenDurationInHours":2.000000,"Remarks":"2:00 hr opening","DayNumber":2,"WeekNumber":49,"YearNumber":2021,"ScheduledStartOfDay":"2021-11-29T08:00:00","ScheduledEndOfDay":"2021-11-29T12:00:00","LocationID":61,"RoomID":null,"UTCOffSet":-6,"SchedPrefRemarks":""},{"UserID":632,"OpeningStartDateLocal":"2021-11-29T08:00:00","OpeningEndDateLocal":"2021-11-29T10:00:00","OpenDurationInMinutes":120,"OpenDurationInHours":2.000000,"Remarks":"2:00 hr opening","DayNumber":2,"WeekNumber":49,"YearNumber":2021,"ScheduledStartOfDay":"2021-11-29T08:00:00","ScheduledEndOfDay":"2021-11-29T12:00:00","LocationID":61,"RoomID":null,"UTCOffSet":-6,"SchedPrefRemarks":""},{"UserID":632,"OpeningStartDateLocal":"2021-11-29T08:00:00","OpeningEndDateLocal":"2021-11-29T10:00:00","OpenDurationInMinutes":120,"OpenDurationInHours":2.000000,"Remarks":"2:00 hr opening","DayNumber":2,"WeekNumber":49,"YearNumber":2021,"ScheduledStartOfDay":"2021-11-29T08:00:00","ScheduledEndOfDay":"2021-11-29T12:00:00","LocationID":61,"RoomID":null,"UTCOffSet":-6,"SchedPrefRemarks":""},{"UserID":632,"OpeningStartDateLocal":"2021-11-29T08:00:00","OpeningEndDateLocal":"2021-11-29T10:00:00","OpenDurationInMinutes":120,"OpenDurationInHours":2.000000,"Remarks":"2:00 hr opening","DayNumber":2,"WeekNumber":49,"YearNumber":2021,"ScheduledStartOfDay":"2021-11-29T08:00:00","ScheduledEndOfDay":"2021-11-29T12:00:00","LocationID":61,"RoomID":null,"UTCOffSet":-6,"SchedPrefRemarks":""},{"UserID":632,"OpeningStartDateLocal":"2021-11-29T08:00:00","OpeningEndDateLocal":"2021-11-29T10:00:00","OpenDurationInMinutes":120,"OpenDurationInHours":2.000000,"Remarks":"2:00 hr opening","DayNumber":2,"WeekNumber":49,"YearNumber":2021,"ScheduledStartOfDay":"2021-11-29T08:00:00","ScheduledEndOfDay":"2021-11-29T12:00:00","LocationID":61,"RoomID":null,"UTCOffSet":-6,"SchedPrefRemarks":""},{"UserID":632,"OpeningStartDateLocal":"2021-11-29T08:00:00","OpeningEndDateLocal":"2021-11-29T10:00:00","OpenDurationInMinutes":120,"OpenDurationInHours":2.000000,"Remarks":"2:00 hr opening","DayNumber":2,"WeekNumber":49,"YearNumber":2021,"ScheduledStartOfDay":"2021-11-29T08:00:00","ScheduledEndOfDay":"2021-11-29T12:00:00","LocationID":61,"RoomID":null,"UTCOffSet":-6,"SchedPrefRemarks":""},{"UserID":632,"OpeningStartDateLocal":"2021-11-29T08:00:00","OpeningEndDateLocal":"2021-11-29T10:00:00","OpenDurationInMinutes":120,"OpenDurationInHours":2.000000,"Remarks":"2:00 hr opening","DayNumber":2,"WeekNumber":49,"YearNumber":2021,"ScheduledStartOfDay":"2021-11-29T08:00:00","ScheduledEndOfDay":"2021-11-29T12:00:00","LocationID":61,"RoomID":null,"UTCOffSet":-6,"SchedPrefRemarks":""},{"UserID":632,"OpeningStartDateLocal":"2021-11-29T08:00:00","OpeningEndDateLocal":"2021-11-29T10:00:00","OpenDurationInMinutes":120,"OpenDurationInHours":2.000000,"Remarks":"2:00 hr opening","DayNumber":2,"WeekNumber":49,"YearNumber":2021,"ScheduledStartOfDay":"2021-11-29T08:00:00","ScheduledEndOfDay":"2021-11-29T12:00:00","LocationID":61,"RoomID":null,"UTCOffSet":-6,"SchedPrefRemarks":""},{"UserID":632,"OpeningStartDateLocal":"2021-11-29T11:00:00","OpeningEndDateLocal":"2021-11-29T12:00:00","OpenDurationInMinutes":60,"OpenDurationInHours":1.000000,"Remarks":"1:00 hr opening","DayNumber":2,"WeekNumber":49,"YearNumber":2021,"ScheduledStartOfDay":"2021-11-29T08:00:00","ScheduledEndOfDay":"2021-11-29T12:00:00","LocationID":61,"RoomID":null,"UTCOffSet":-6,"SchedPrefRemarks":""},{"UserID":632,"OpeningStartDateLocal":"2021-11-29T11:00:00","OpeningEndDateLocal":"2021-11-29T12:00:00","OpenDurationInMinutes":60,"OpenDurationInHours":1.000000,"Remarks":"1:00 hr opening","DayNumber":2,"WeekNumber":49,"YearNumber":2021,"ScheduledStartOfDay":"2021-11-29T08:00:00","ScheduledEndOfDay":"2021-11-29T12:00:00","LocationID":61,"RoomID":null,"UTCOffSet":-6,"SchedPrefRemarks":""},{"UserID":632,"OpeningStartDateLocal":"2021-11-29T11:00:00","OpeningEndDateLocal":"2021-11-29T12:00:00","OpenDurationInMinutes":60,"OpenDurationInHours":1.000000,"Remarks":"1:00 hr opening","DayNumber":2,"WeekNumber":49,"YearNumber":2021,"ScheduledStartOfDay":"2021-11-29T08:00:00","ScheduledEndOfDay":"2021-11-29T12:00:00","LocationID":61,"RoomID":null,"UTCOffSet":-6,"SchedPrefRemarks":""},{"UserID":632,"OpeningStartDateLocal":"2021-11-29T11:00:00","OpeningEndDateLocal":"2021-11-29T12:00:00","OpenDurationInMinutes":60,"OpenDurationInHours":1.000000,"Remarks":"1:00 hr opening","DayNumber":2,"WeekNumber":49,"YearNumber":2021,"ScheduledStartOfDay":"2021-11-29T08:00:00","ScheduledEndOfDay":"2021-11-29T12:00:00","LocationID":61,"RoomID":null,"UTCOffSet":-6,"SchedPrefRemarks":""},{"UserID":632,"OpeningStartDateLocal":"2021-11-29T11:00:00","OpeningEndDateLocal":"2021-11-29T12:00:00","OpenDurationInMinutes":60,"OpenDurationInHours":1.000000,"Remarks":"1:00 hr opening","DayNumber":2,"WeekNumber":49,"YearNumber":2021,"ScheduledStartOfDay":"2021-11-29T08:00:00","ScheduledEndOfDay":"2021-11-29T12:00:00","LocationID":61,"RoomID":null,"UTCOffSet":-6,"SchedPrefRemarks":""},{"UserID":632,"OpeningStartDateLocal":"2021-11-29T11:00:00","OpeningEndDateLocal":"2021-11-29T12:00:00","OpenDurationInMinutes":60,"OpenDurationInHours":1.000000,"Remarks":"1:00 hr opening","DayNumber":2,"WeekNumber":49,"YearNumber":2021,"ScheduledStartOfDay":"2021-11-29T08:00:00","ScheduledEndOfDay":"2021-11-29T12:00:00","LocationID":61,"RoomID":null,"UTCOffSet":-6,"SchedPrefRemarks":""},{"UserID":632,"OpeningStartDateLocal":"2021-11-29T11:00:00","OpeningEndDateLocal":"2021-11-29T12:00:00","OpenDurationInMinutes":60,"OpenDurationInHours":1.000000,"Remarks":"1:00 hr opening","DayNumber":2,"WeekNumber":49,"YearNumber":2021,"ScheduledStartOfDay":"2021-11-29T08:00:00","ScheduledEndOfDay":"2021-11-29T12:00:00","LocationID":61,"RoomID":null,"UTCOffSet":-6,"SchedPrefRemarks":""},{"UserID":632,"OpeningStartDateLocal":"2021-11-29T11:00:00","OpeningEndDateLocal":"2021-11-29T12:00:00","OpenDurationInMinutes":60,"OpenDurationInHours":1.000000,"Remarks":"1:00 hr opening","DayNumber":2,"WeekNumber":49,"YearNumber":2021,"ScheduledStartOfDay":"2021-11-29T08:00:00","ScheduledEndOfDay":"2021-11-29T12:00:00","LocationID":61,"RoomID":null,"UTCOffSet":-6,"SchedPrefRemarks":""},{"UserID":632,"OpeningStartDateLocal":"2021-11-29T11:00:00","OpeningEndDateLocal":"2021-11-29T12:00:00","OpenDurationInMinutes":60,"OpenDurationInHours":1.000000,"Remarks":"1:00 hr opening","DayNumber":2,"WeekNumber":49,"YearNumber":2021,"ScheduledStartOfDay":"2021-11-29T08:00:00","ScheduledEndOfDay":"2021-11-29T12:00:00","LocationID":61,"RoomID":null,"UTCOffSet":-6,"SchedPrefRemarks":""},{"UserID":632,"OpeningStartDateLocal":"2021-11-29T11:00:00","OpeningEndDateLocal":"2021-11-29T12:00:00","OpenDurationInMinutes":60,"OpenDurationInHours":1.000000,"Remarks":"1:00 hr opening","DayNumber":2,"WeekNumber":49,"YearNumber":2021,"ScheduledStartOfDay":"2021-11-29T08:00:00","ScheduledEndOfDay":"2021-11-29T12:00:00","LocationID":61,"RoomID":null,"UTCOffSet":-6,"SchedPrefRemarks":""},{"UserID":632,"OpeningStartDateLocal":"2021-11-29T14:00:00","OpeningEndDateLocal":"2021-11-29T15:00:00","OpenDurationInMinutes":60,"OpenDurationInHours":1.000000,"Remarks":"1:00 hr opening","DayNumber":2,"WeekNumber":49,"YearNumber":2021,"ScheduledStartOfDay":"2021-11-29T13:00:00","ScheduledEndOfDay":"2021-11-29T16:00:00","LocationID":61,"RoomID":null,"UTCOffSet":-6,"SchedPrefRemarks":""},{"UserID":632,"OpeningStartDateLocal":"2021-11-29T14:00:00","OpeningEndDateLocal":"2021-11-29T15:00:00","OpenDurationInMinutes":60,"OpenDurationInHours":1.000000,"Remarks":"1:00 hr opening","DayNumber":2,"WeekNumber":49,"YearNumber":2021,"ScheduledStartOfDay":"2021-11-29T13:00:00","ScheduledEndOfDay":"2021-11-29T16:00:00","LocationID":61,"RoomID":null,"UTCOffSet":-6,"SchedPrefRemarks":""},{"UserID":632,"OpeningStartDateLocal":"2021-11-29T14:00:00","OpeningEndDateLocal":"2021-11-29T15:00:00","OpenDurationInMinutes":60,"OpenDurationInHours":1.000000,"Remarks":"1:00 hr opening","DayNumber":2,"WeekNumber":49,"YearNumber":2021,"ScheduledStartOfDay":"2021-11-29T13:00:00","ScheduledEndOfDay":"2021-11-29T16:00:00","LocationID":61,"RoomID":null,"UTCOffSet":-6,"SchedPrefRemarks":""},{"UserID":632,"OpeningStartDateLocal":"2021-11-29T14:00:00","OpeningEndDateLocal":"2021-11-29T15:00:00","OpenDurationInMinutes":60,"OpenDurationInHours":1.000000,"Remarks":"1:00 hr opening","DayNumber":2,"WeekNumber":49,"YearNumber":2021,"ScheduledStartOfDay":"2021-11-29T13:00:00","ScheduledEndOfDay":"2021-11-29T16:00:00","LocationID":61,"RoomID":null,"UTCOffSet":-6,"SchedPrefRemarks":""},{"UserID":632,"OpeningStartDateLocal":"2021-11-29T14:00:00","OpeningEndDateLocal":"2021-11-29T15:00:00","OpenDurationInMinutes":60,"OpenDurationInHours":1.000000,"Remarks":"1:00 hr opening","DayNumber":2,"WeekNumber":49,"YearNumber":2021,"ScheduledStartOfDay":"2021-11-29T13:00:00","ScheduledEndOfDay":"2021-11-29T16:00:00","LocationID":61,"RoomID":null,"UTCOffSet":-6,"SchedPrefRemarks":""},{"UserID":632,"OpeningStartDateLocal":"2021-11-29T14:00:00","OpeningEndDateLocal":"2021-11-29T15:00:00","OpenDurationInMinutes":60,"OpenDurationInHours":1.000000,"Remarks":"1:00 hr opening","DayNumber":2,"WeekNumber":49,"YearNumber":2021,"ScheduledStartOfDay":"2021-11-29T13:00:00","ScheduledEndOfDay":"2021-11-29T16:00:00","LocationID":61,"RoomID":null,"UTCOffSet":-6,"SchedPrefRemarks":""},{"UserID":632,"OpeningStartDateLocal":"2021-11-29T14:00:00","OpeningEndDateLocal":"2021-11-29T15:00:00","OpenDurationInMinutes":60,"OpenDurationInHours":1.000000,"Remarks":"1:00 hr opening","DayNumber":2,"WeekNumber":49,"YearNumber":2021,"ScheduledStartOfDay":"2021-11-29T13:00:00","ScheduledEndOfDay":"2021-11-29T16:00:00","LocationID":61,"RoomID":null,"UTCOffSet":-6,"SchedPrefRemarks":""},{"UserID":632,"OpeningStartDateLocal":"2021-11-29T14:00:00","OpeningEndDateLocal":"2021-11-29T15:00:00","OpenDurationInMinutes":60,"OpenDurationInHours":1.000000,"Remarks":"1:00 hr opening","DayNumber":2,"WeekNumber":49,"YearNumber":2021,"ScheduledStartOfDay":"2021-11-29T13:00:00","ScheduledEndOfDay":"2021-11-29T16:00:00","LocationID":61,"RoomID":null,"UTCOffSet":-6,"SchedPrefRemarks":""},{"UserID":632,"OpeningStartDateLocal":"2021-11-29T14:00:00","OpeningEndDateLocal":"2021-11-29T15:00:00","OpenDurationInMinutes":60,"OpenDurationInHours":1.000000,"Remarks":"1:00 hr opening","DayNumber":2,"WeekNumber":49,"YearNumber":2021,"ScheduledStartOfDay":"2021-11-29T13:00:00","ScheduledEndOfDay":"2021-11-29T16:00:00","LocationID":61,"RoomID":null,"UTCOffSet":-6,"SchedPrefRemarks":""},{"UserID":632,"OpeningStartDateLocal":"2021-11-29T14:00:00","OpeningEndDateLocal":"2021-11-29T15:00:00","OpenDurationInMinutes":60,"OpenDurationInHours":1.000000,"Remarks":"1:00 hr opening","DayNumber":2,"WeekNumber":49,"YearNumber":2021,"ScheduledStartOfDay":"2021-11-29T13:00:00","ScheduledEndOfDay":"2021-11-29T16:00:00","LocationID":61,"RoomID":null,"UTCOffSet":-6,"SchedPrefRemarks":""},{"UserID":632,"OpeningStartDateLocal":"2021-11-30T08:00:00","OpeningEndDateLocal":"2021-11-30T10:00:00","OpenDurationInMinutes":120,"OpenDurationInHours":2.000000,"Remarks":"2:00 hr opening","DayNumber":3,"WeekNumber":49,"YearNumber":2021,"ScheduledStartOfDay":"2021-11-30T08:00:00","ScheduledEndOfDay":"2021-11-30T12:00:00","LocationID":61,"RoomID":null,"UTCOffSet":-6,"SchedPrefRemarks":""},{"UserID":632,"OpeningStartDateLocal":"2021-11-30T08:00:00","OpeningEndDateLocal":"2021-11-30T10:00:00","OpenDurationInMinutes":120,"OpenDurationInHours":2.000000,"Remarks":"2:00 hr opening","DayNumber":3,"WeekNumber":49,"YearNumber":2021,"ScheduledStartOfDay":"2021-11-30T08:00:00","ScheduledEndOfDay":"2021-11-30T12:00:00","LocationID":61,"RoomID":null,"UTCOffSet":-6,"SchedPrefRemarks":""},{"UserID":632,"OpeningStartDateLocal":"2021-11-30T08:00:00","OpeningEndDateLocal":"2021-11-30T10:00:00","OpenDurationInMinutes":120,"OpenDurationInHours":2.000000,"Remarks":"2:00 hr opening","DayNumber":3,"WeekNumber":49,"YearNumber":2021,"ScheduledStartOfDay":"2021-11-30T08:00:00","ScheduledEndOfDay":"2021-11-30T12:00:00","LocationID":61,"RoomID":null,"UTCOffSet":-6,"SchedPrefRemarks":""},{"UserID":632,"OpeningStartDateLocal":"2021-11-30T08:00:00","OpeningEndDateLocal":"2021-11-30T10:00:00","OpenDurationInMinutes":120,"OpenDurationInHours":2.000000,"Remarks":"2:00 hr opening","DayNumber":3,"WeekNumber":49,"YearNumber":2021,"ScheduledStartOfDay":"2021-11-30T08:00:00","ScheduledEndOfDay":"2021-11-30T12:00:00","LocationID":61,"RoomID":null,"UTCOffSet":-6,"SchedPrefRemarks":""},{"UserID":632,"OpeningStartDateLocal":"2021-11-30T08:00:00","OpeningEndDateLocal":"2021-11-30T10:00:00","OpenDurationInMinutes":120,"OpenDurationInHours":2.000000,"Remarks":"2:00 hr opening","DayNumber":3,"WeekNumber":49,"YearNumber":2021,"ScheduledStartOfDay":"2021-11-30T08:00:00","ScheduledEndOfDay":"2021-11-30T12:00:00","LocationID":61,"RoomID":null,"UTCOffSet":-6,"SchedPrefRemarks":""},{"UserID":632,"OpeningStartDateLocal":"2021-11-30T08:00:00","OpeningEndDateLocal":"2021-11-30T10:00:00","OpenDurationInMinutes":120,"OpenDurationInHours":2.000000,"Remarks":"2:00 hr opening","DayNumber":3,"WeekNumber":49,"YearNumber":2021,"ScheduledStartOfDay":"2021-11-30T08:00:00","ScheduledEndOfDay":"2021-11-30T12:00:00","LocationID":61,"RoomID":null,"UTCOffSet":-6,"SchedPrefRemarks":""},{"UserID":632,"OpeningStartDateLocal":"2021-11-30T08:00:00","OpeningEndDateLocal":"2021-11-30T10:00:00","OpenDurationInMinutes":120,"OpenDurationInHours":2.000000,"Remarks":"2:00 hr opening","DayNumber":3,"WeekNumber":49,"YearNumber":2021,"ScheduledStartOfDay":"2021-11-30T08:00:00","ScheduledEndOfDay":"2021-11-30T12:00:00","LocationID":61,"RoomID":null,"UTCOffSet":-6,"SchedPrefRemarks":""},{"UserID":632,"OpeningStartDateLocal":"2021-11-30T08:00:00","OpeningEndDateLocal":"2021-11-30T10:00:00","OpenDurationInMinutes":120,"OpenDurationInHours":2.000000,"Remarks":"2:00 hr opening","DayNumber":3,"WeekNumber":49,"YearNumber":2021,"ScheduledStartOfDay":"2021-11-30T08:00:00","ScheduledEndOfDay":"2021-11-30T12:00:00","LocationID":61,"RoomID":null,"UTCOffSet":-6,"SchedPrefRemarks":""},{"UserID":632,"OpeningStartDateLocal":"2021-11-30T08:00:00","OpeningEndDateLocal":"2021-11-30T10:00:00","OpenDurationInMinutes":120,"OpenDurationInHours":2.000000,"Remarks":"2:00 hr opening","DayNumber":3,"WeekNumber":49,"YearNumber":2021,"ScheduledStartOfDay":"2021-11-30T08:00:00","ScheduledEndOfDay":"2021-11-30T12:00:00","LocationID":61,"RoomID":null,"UTCOffSet":-6,"SchedPrefRemarks":""},{"UserID":632,"OpeningStartDateLocal":"2021-11-30T08:00:00","OpeningEndDateLocal":"2021-11-30T10:00:00","OpenDurationInMinutes":120,"OpenDurationInHours":2.000000,"Remarks":"2:00 hr opening","DayNumber":3,"WeekNumber":49,"YearNumber":2021,"ScheduledStartOfDay":"2021-11-30T08:00:00","ScheduledEndOfDay":"2021-11-30T12:00:00","LocationID":61,"RoomID":null,"UTCOffSet":-6,"SchedPrefRemarks":""},{"UserID":632,"OpeningStartDateLocal":"2021-11-30T14:00:00","OpeningEndDateLocal":"2021-11-30T15:00:00","OpenDurationInMinutes":60,"OpenDurationInHours":1.000000,"Remarks":"1:00 hr opening","DayNumber":3,"WeekNumber":49,"YearNumber":2021,"ScheduledStartOfDay":"2021-11-30T13:00:00","ScheduledEndOfDay":"2021-11-30T16:00:00","LocationID":61,"RoomID":null,"UTCOffSet":-6,"SchedPrefRemarks":""},{"UserID":632,"OpeningStartDateLocal":"2021-11-30T14:00:00","OpeningEndDateLocal":"2021-11-30T15:00:00","OpenDurationInMinutes":60,"OpenDurationInHours":1.000000,"Remarks":"1:00 hr opening","DayNumber":3,"WeekNumber":49,"YearNumber":2021,"ScheduledStartOfDay":"2021-11-30T13:00:00","ScheduledEndOfDay":"2021-11-30T16:00:00","LocationID":61,"RoomID":null,"UTCOffSet":-6,"SchedPrefRemarks":""},{"UserID":632,"OpeningStartDateLocal":"2021-11-30T14:00:00","OpeningEndDateLocal":"2021-11-30T15:00:00","OpenDurationInMinutes":60,"OpenDurationInHours":1.000000,"Remarks":"1:00 hr opening","DayNumber":3,"WeekNumber":49,"YearNumber":2021,"ScheduledStartOfDay":"2021-11-30T13:00:00","ScheduledEndOfDay":"2021-11-30T16:00:00","LocationID":61,"RoomID":null,"UTCOffSet":-6,"SchedPrefRemarks":""},{"UserID":632,"OpeningStartDateLocal":"2021-11-30T14:00:00","OpeningEndDateLocal":"2021-11-30T15:00:00","OpenDurationInMinutes":60,"OpenDurationInHours":1.000000,"Remarks":"1:00 hr opening","DayNumber":3,"WeekNumber":49,"YearNumber":2021,"ScheduledStartOfDay":"2021-11-30T13:00:00","ScheduledEndOfDay":"2021-11-30T16:00:00","LocationID":61,"RoomID":null,"UTCOffSet":-6,"SchedPrefRemarks":""},{"UserID":632,"OpeningStartDateLocal":"2021-11-30T14:00:00","OpeningEndDateLocal":"2021-11-30T15:00:00","OpenDurationInMinutes":60,"OpenDurationInHours":1.000000,"Remarks":"1:00 hr opening","DayNumber":3,"WeekNumber":49,"YearNumber":2021,"ScheduledStartOfDay":"2021-11-30T13:00:00","ScheduledEndOfDay":"2021-11-30T16:00:00","LocationID":61,"RoomID":null,"UTCOffSet":-6,"SchedPrefRemarks":""},{"UserID":632,"OpeningStartDateLocal":"2021-11-30T14:00:00","OpeningEndDateLocal":"2021-11-30T15:00:00","OpenDurationInMinutes":60,"OpenDurationInHours":1.000000,"Remarks":"1:00 hr opening","DayNumber":3,"WeekNumber":49,"YearNumber":2021,"ScheduledStartOfDay":"2021-11-30T13:00:00","ScheduledEndOfDay":"2021-11-30T16:00:00","LocationID":61,"RoomID":null,"UTCOffSet":-6,"SchedPrefRemarks":""},{"UserID":632,"OpeningStartDateLocal":"2021-11-30T14:00:00","OpeningEndDateLocal":"2021-11-30T15:00:00","OpenDurationInMinutes":60,"OpenDurationInHours":1.000000,"Remarks":"1:00 hr opening","DayNumber":3,"WeekNumber":49,"YearNumber":2021,"ScheduledStartOfDay":"2021-11-30T13:00:00","ScheduledEndOfDay":"2021-11-30T16:00:00","LocationID":61,"RoomID":null,"UTCOffSet":-6,"SchedPrefRemarks":""},{"UserID":632,"OpeningStartDateLocal":"2021-11-30T14:00:00","OpeningEndDateLocal":"2021-11-30T15:00:00","OpenDurationInMinutes":60,"OpenDurationInHours":1.000000,"Remarks":"1:00 hr opening","DayNumber":3,"WeekNumber":49,"YearNumber":2021,"ScheduledStartOfDay":"2021-11-30T13:00:00","ScheduledEndOfDay":"2021-11-30T16:00:00","LocationID":61,"RoomID":null,"UTCOffSet":-6,"SchedPrefRemarks":""},{"UserID":632,"OpeningStartDateLocal":"2021-11-30T14:00:00","OpeningEndDateLocal":"2021-11-30T15:00:00","OpenDurationInMinutes":60,"OpenDurationInHours":1.000000,"Remarks":"1:00 hr opening","DayNumber":3,"WeekNumber":49,"YearNumber":2021,"ScheduledStartOfDay":"2021-11-30T13:00:00","ScheduledEndOfDay":"2021-11-30T16:00:00","LocationID":61,"RoomID":null,"UTCOffSet":-6,"SchedPrefRemarks":""},{"UserID":632,"OpeningStartDateLocal":"2021-11-30T14:00:00","OpeningEndDateLocal":"2021-11-30T15:00:00","OpenDurationInMinutes":60,"OpenDurationInHours":1.000000,"Remarks":"1:00 hr opening","DayNumber":3,"WeekNumber":49,"YearNumber":2021,"ScheduledStartOfDay":"2021-11-30T13:00:00","ScheduledEndOfDay":"2021-11-30T16:00:00","LocationID":61,"RoomID":null,"UTCOffSet":-6,"SchedPrefRemarks":""},{"UserID":632,"OpeningStartDateLocal":"2021-12-01T08:00:00","OpeningEndDateLocal":"2021-12-01T10:00:00","OpenDurationInMinutes":120,"OpenDurationInHours":2.000000,"Remarks":"2:00 hr opening","DayNumber":4,"WeekNumber":49,"YearNumber":2021,"ScheduledStartOfDay":"2021-12-01T08:00:00","ScheduledEndOfDay":"2021-12-01T12:00:00","LocationID":61,"RoomID":null,"UTCOffSet":-6,"SchedPrefRemarks":""},{"UserID":632,"OpeningStartDateLocal":"2021-12-01T08:00:00","OpeningEndDateLocal":"2021-12-01T10:00:00","OpenDurationInMinutes":120,"OpenDurationInHours":2.000000,"Remarks":"2:00 hr opening","DayNumber":4,"WeekNumber":49,"YearNumber":2021,"ScheduledStartOfDay":"2021-12-01T08:00:00","ScheduledEndOfDay":"2021-12-01T12:00:00","LocationID":61,"RoomID":null,"UTCOffSet":-6,"SchedPrefRemarks":""},{"UserID":632,"OpeningStartDateLocal":"2021-12-01T08:00:00","OpeningEndDateLocal":"2021-12-01T10:00:00","OpenDurationInMinutes":120,"OpenDurationInHours":2.000000,"Remarks":"2:00 hr opening","DayNumber":4,"WeekNumber":49,"YearNumber":2021,"ScheduledStartOfDay":"2021-12-01T08:00:00","ScheduledEndOfDay":"2021-12-01T12:00:00","LocationID":61,"RoomID":null,"UTCOffSet":-6,"SchedPrefRemarks":""},{"UserID":632,"OpeningStartDateLocal":"2021-12-01T08:00:00","OpeningEndDateLocal":"2021-12-01T10:00:00","OpenDurationInMinutes":120,"OpenDurationInHours":2.000000,"Remarks":"2:00 hr opening","DayNumber":4,"WeekNumber":49,"YearNumber":2021,"ScheduledStartOfDay":"2021-12-01T08:00:00","ScheduledEndOfDay":"2021-12-01T12:00:00","LocationID":61,"RoomID":null,"UTCOffSet":-6,"SchedPrefRemarks":""},{"UserID":632,"OpeningStartDateLocal":"2021-12-01T08:00:00","OpeningEndDateLocal":"2021-12-01T10:00:00","OpenDurationInMinutes":120,"OpenDurationInHours":2.000000,"Remarks":"2:00 hr opening","DayNumber":4,"WeekNumber":49,"YearNumber":2021,"ScheduledStartOfDay":"2021-12-01T08:00:00","ScheduledEndOfDay":"2021-12-01T12:00:00","LocationID":61,"RoomID":null,"UTCOffSet":-6,"SchedPrefRemarks":""},{"UserID":632,"OpeningStartDateLocal":"2021-12-01T08:00:00","OpeningEndDateLocal":"2021-12-01T10:00:00","OpenDurationInMinutes":120,"OpenDurationInHours":2.000000,"Remarks":"2:00 hr opening","DayNumber":4,"WeekNumber":49,"YearNumber":2021,"ScheduledStartOfDay":"2021-12-01T08:00:00","ScheduledEndOfDay":"2021-12-01T12:00:00","LocationID":61,"RoomID":null,"UTCOffSet":-6,"SchedPrefRemarks":""},{"UserID":632,"OpeningStartDateLocal":"2021-12-01T08:00:00","OpeningEndDateLocal":"2021-12-01T10:00:00","OpenDurationInMinutes":120,"OpenDurationInHours":2.000000,"Remarks":"2:00 hr opening","DayNumber":4,"WeekNumber":49,"YearNumber":2021,"ScheduledStartOfDay":"2021-12-01T08:00:00","ScheduledEndOfDay":"2021-12-01T12:00:00","LocationID":61,"RoomID":null,"UTCOffSet":-6,"SchedPrefRemarks":""},{"UserID":632,"OpeningStartDateLocal":"2021-12-01T08:00:00","OpeningEndDateLocal":"2021-12-01T10:00:00","OpenDurationInMinutes":120,"OpenDurationInHours":2.000000,"Remarks":"2:00 hr opening","DayNumber":4,"WeekNumber":49,"YearNumber":2021,"ScheduledStartOfDay":"2021-12-01T08:00:00","ScheduledEndOfDay":"2021-12-01T12:00:00","LocationID":61,"RoomID":null,"UTCOffSet":-6,"SchedPrefRemarks":""},{"UserID":632,"OpeningStartDateLocal":"2021-12-01T08:00:00","OpeningEndDateLocal":"2021-12-01T10:00:00","OpenDurationInMinutes":120,"OpenDurationInHours":2.000000,"Remarks":"2:00 hr opening","DayNumber":4,"WeekNumber":49,"YearNumber":2021,"ScheduledStartOfDay":"2021-12-01T08:00:00","ScheduledEndOfDay":"2021-12-01T12:00:00","LocationID":61,"RoomID":null,"UTCOffSet":-6,"SchedPrefRemarks":""},{"UserID":632,"OpeningStartDateLocal":"2021-12-01T08:00:00","OpeningEndDateLocal":"2021-12-01T10:00:00","OpenDurationInMinutes":120,"OpenDurationInHours":2.000000,"Remarks":"2:00 hr opening","DayNumber":4,"WeekNumber":49,"YearNumber":2021,"ScheduledStartOfDay":"2021-12-01T08:00:00","ScheduledEndOfDay":"2021-12-01T12:00:00","LocationID":61,"RoomID":null,"UTCOffSet":-6,"SchedPrefRemarks":""},{"UserID":632,"OpeningStartDateLocal":"2021-12-01T14:00:00","OpeningEndDateLocal":"2021-12-01T15:00:00","OpenDurationInMinutes":60,"OpenDurationInHours":1.000000,"Remarks":"1:00 hr opening","DayNumber":4,"WeekNumber":49,"YearNumber":2021,"ScheduledStartOfDay":"2021-12-01T13:00:00","ScheduledEndOfDay":"2021-12-01T16:00:00","LocationID":61,"RoomID":null,"UTCOffSet":-6,"SchedPrefRemarks":""},{"UserID":632,"OpeningStartDateLocal":"2021-12-01T14:00:00","OpeningEndDateLocal":"2021-12-01T15:00:00","OpenDurationInMinutes":60,"OpenDurationInHours":1.000000,"Remarks":"1:00 hr opening","DayNumber":4,"WeekNumber":49,"YearNumber":2021,"ScheduledStartOfDay":"2021-12-01T13:00:00","ScheduledEndOfDay":"2021-12-01T16:00:00","LocationID":61,"RoomID":null,"UTCOffSet":-6,"SchedPrefRemarks":""},{"UserID":632,"OpeningStartDateLocal":"2021-12-01T14:00:00","OpeningEndDateLocal":"2021-12-01T15:00:00","OpenDurationInMinutes":60,"OpenDurationInHours":1.000000,"Remarks":"1:00 hr opening","DayNumber":4,"WeekNumber":49,"YearNumber":2021,"ScheduledStartOfDay":"2021-12-01T13:00:00","ScheduledEndOfDay":"2021-12-01T16:00:00","LocationID":61,"RoomID":null,"UTCOffSet":-6,"SchedPrefRemarks":""},{"UserID":632,"OpeningStartDateLocal":"2021-12-01T14:00:00","OpeningEndDateLocal":"2021-12-01T15:00:00","OpenDurationInMinutes":60,"OpenDurationInHours":1.000000,"Remarks":"1:00 hr opening","DayNumber":4,"WeekNumber":49,"YearNumber":2021,"ScheduledStartOfDay":"2021-12-01T13:00:00","ScheduledEndOfDay":"2021-12-01T16:00:00","LocationID":61,"RoomID":null,"UTCOffSet":-6,"SchedPrefRemarks":""},{"UserID":632,"OpeningStartDateLocal":"2021-12-01T14:00:00","OpeningEndDateLocal":"2021-12-01T15:00:00","OpenDurationInMinutes":60,"OpenDurationInHours":1.000000,"Remarks":"1:00 hr opening","DayNumber":4,"WeekNumber":49,"YearNumber":2021,"ScheduledStartOfDay":"2021-12-01T13:00:00","ScheduledEndOfDay":"2021-12-01T16:00:00","LocationID":61,"RoomID":null,"UTCOffSet":-6,"SchedPrefRemarks":""},{"UserID":632,"OpeningStartDateLocal":"2021-12-01T14:00:00","OpeningEndDateLocal":"2021-12-01T15:00:00","OpenDurationInMinutes":60,"OpenDurationInHours":1.000000,"Remarks":"1:00 hr opening","DayNumber":4,"WeekNumber":49,"YearNumber":2021,"ScheduledStartOfDay":"2021-12-01T13:00:00","ScheduledEndOfDay":"2021-12-01T16:00:00","LocationID":61,"RoomID":null,"UTCOffSet":-6,"SchedPrefRemarks":""},{"UserID":632,"OpeningStartDateLocal":"2021-12-01T14:00:00","OpeningEndDateLocal":"2021-12-01T15:00:00","OpenDurationInMinutes":60,"OpenDurationInHours":1.000000,"Remarks":"1:00 hr opening","DayNumber":4,"WeekNumber":49,"YearNumber":2021,"ScheduledStartOfDay":"2021-12-01T13:00:00","ScheduledEndOfDay":"2021-12-01T16:00:00","LocationID":61,"RoomID":null,"UTCOffSet":-6,"SchedPrefRemarks":""},{"UserID":632,"OpeningStartDateLocal":"2021-12-01T14:00:00","OpeningEndDateLocal":"2021-12-01T15:00:00","OpenDurationInMinutes":60,"OpenDurationInHours":1.000000,"Remarks":"1:00 hr opening","DayNumber":4,"WeekNumber":49,"YearNumber":2021,"ScheduledStartOfDay":"2021-12-01T13:00:00","ScheduledEndOfDay":"2021-12-01T16:00:00","LocationID":61,"RoomID":null,"UTCOffSet":-6,"SchedPrefRemarks":""},{"UserID":632,"OpeningStartDateLocal":"2021-12-01T14:00:00","OpeningEndDateLocal":"2021-12-01T15:00:00","OpenDurationInMinutes":60,"OpenDurationInHours":1.000000,"Remarks":"1:00 hr opening","DayNumber":4,"WeekNumber":49,"YearNumber":2021,"ScheduledStartOfDay":"2021-12-01T13:00:00","ScheduledEndOfDay":"2021-12-01T16:00:00","LocationID":61,"RoomID":null,"UTCOffSet":-6,"SchedPrefRemarks":""},{"UserID":632,"OpeningStartDateLocal":"2021-12-01T14:00:00","OpeningEndDateLocal":"2021-12-01T15:00:00","OpenDurationInMinutes":60,"OpenDurationInHours":1.000000,"Remarks":"1:00 hr opening","DayNumber":4,"WeekNumber":49,"YearNumber":2021,"ScheduledStartOfDay":"2021-12-01T13:00:00","ScheduledEndOfDay":"2021-12-01T16:00:00","LocationID":61,"RoomID":null,"UTCOffSet":-6,"SchedPrefRemarks":""},{"UserID":632,"OpeningStartDateLocal":"2021-12-02T08:00:00","OpeningEndDateLocal":"2021-12-02T12:00:00","OpenDurationInMinutes":240,"OpenDurationInHours":4.000000,"Remarks":"4:00 hr opening","DayNumber":5,"WeekNumber":49,"YearNumber":2021,"ScheduledStartOfDay":"2021-12-02T08:00:00","ScheduledEndOfDay":"2021-12-02T12:00:00","LocationID":61,"RoomID":null,"UTCOffSet":-6,"SchedPrefRemarks":""},{"UserID":632,"OpeningStartDateLocal":"2021-12-02T08:00:00","OpeningEndDateLocal":"2021-12-02T12:00:00","OpenDurationInMinutes":240,"OpenDurationInHours":4.000000,"Remarks":"4:00 hr opening","DayNumber":5,"WeekNumber":49,"YearNumber":2021,"ScheduledStartOfDay":"2021-12-02T08:00:00","ScheduledEndOfDay":"2021-12-02T12:00:00","LocationID":61,"RoomID":null,"UTCOffSet":-6,"SchedPrefRemarks":""},{"UserID":632,"OpeningStartDateLocal":"2021-12-02T08:00:00","OpeningEndDateLocal":"2021-12-02T12:00:00","OpenDurationInMinutes":240,"OpenDurationInHours":4.000000,"Remarks":"4:00 hr opening","DayNumber":5,"WeekNumber":49,"YearNumber":2021,"ScheduledStartOfDay":"2021-12-02T08:00:00","ScheduledEndOfDay":"2021-12-02T12:00:00","LocationID":61,"RoomID":null,"UTCOffSet":-6,"SchedPrefRemarks":""},{"UserID":632,"OpeningStartDateLocal":"2021-12-02T08:00:00","OpeningEndDateLocal":"2021-12-02T12:00:00","OpenDurationInMinutes":240,"OpenDurationInHours":4.000000,"Remarks":"4:00 hr opening","DayNumber":5,"WeekNumber":49,"YearNumber":2021,"ScheduledStartOfDay":"2021-12-02T08:00:00","ScheduledEndOfDay":"2021-12-02T12:00:00","LocationID":61,"RoomID":null,"UTCOffSet":-6,"SchedPrefRemarks":""},{"UserID":632,"OpeningStartDateLocal":"2021-12-02T08:00:00","OpeningEndDateLocal":"2021-12-02T12:00:00","OpenDurationInMinutes":240,"OpenDurationInHours":4.000000,"Remarks":"4:00 hr opening","DayNumber":5,"WeekNumber":49,"YearNumber":2021,"ScheduledStartOfDay":"2021-12-02T08:00:00","ScheduledEndOfDay":"2021-12-02T12:00:00","LocationID":61,"RoomID":null,"UTCOffSet":-6,"SchedPrefRemarks":""},{"UserID":632,"OpeningStartDateLocal":"2021-12-02T08:00:00","OpeningEndDateLocal":"2021-12-02T12:00:00","OpenDurationInMinutes":240,"OpenDurationInHours":4.000000,"Remarks":"4:00 hr opening","DayNumber":5,"WeekNumber":49,"YearNumber":2021,"ScheduledStartOfDay":"2021-12-02T08:00:00","ScheduledEndOfDay":"2021-12-02T12:00:00","LocationID":61,"RoomID":null,"UTCOffSet":-6,"SchedPrefRemarks":""},{"UserID":632,"OpeningStartDateLocal":"2021-12-02T08:00:00","OpeningEndDateLocal":"2021-12-02T12:00:00","OpenDurationInMinutes":240,"OpenDurationInHours":4.000000,"Remarks":"4:00 hr opening","DayNumber":5,"WeekNumber":49,"YearNumber":2021,"ScheduledStartOfDay":"2021-12-02T08:00:00","ScheduledEndOfDay":"2021-12-02T12:00:00","LocationID":61,"RoomID":null,"UTCOffSet":-6,"SchedPrefRemarks":""},{"UserID":632,"OpeningStartDateLocal":"2021-12-02T08:00:00","OpeningEndDateLocal":"2021-12-02T12:00:00","OpenDurationInMinutes":240,"OpenDurationInHours":4.000000,"Remarks":"4:00 hr opening","DayNumber":5,"WeekNumber":49,"YearNumber":2021,"ScheduledStartOfDay":"2021-12-02T08:00:00","ScheduledEndOfDay":"2021-12-02T12:00:00","LocationID":61,"RoomID":null,"UTCOffSet":-6,"SchedPrefRemarks":""},{"UserID":632,"OpeningStartDateLocal":"2021-12-02T08:00:00","OpeningEndDateLocal":"2021-12-02T12:00:00","OpenDurationInMinutes":240,"OpenDurationInHours":4.000000,"Remarks":"4:00 hr opening","DayNumber":5,"WeekNumber":49,"YearNumber":2021,"ScheduledStartOfDay":"2021-12-02T08:00:00","ScheduledEndOfDay":"2021-12-02T12:00:00","LocationID":61,"RoomID":null,"UTCOffSet":-6,"SchedPrefRemarks":""},{"UserID":632,"OpeningStartDateLocal":"2021-12-02T08:00:00","OpeningEndDateLocal":"2021-12-02T12:00:00","OpenDurationInMinutes":240,"OpenDurationInHours":4.000000,"Remarks":"4:00 hr opening","DayNumber":5,"WeekNumber":49,"YearNumber":2021,"ScheduledStartOfDay":"2021-12-02T08:00:00","ScheduledEndOfDay":"2021-12-02T12:00:00","LocationID":61,"RoomID":null,"UTCOffSet":-6,"SchedPrefRemarks":""},{"UserID":632,"OpeningStartDateLocal":"2021-12-02T13:00:00","OpeningEndDateLocal":"2021-12-02T16:00:00","OpenDurationInMinutes":180,"OpenDurationInHours":3.000000,"Remarks":"3:00 hr opening","DayNumber":5,"WeekNumber":49,"YearNumber":2021,"ScheduledStartOfDay":"2021-12-02T13:00:00","ScheduledEndOfDay":"2021-12-02T16:00:00","LocationID":61,"RoomID":null,"UTCOffSet":-6,"SchedPrefRemarks":""},{"UserID":632,"OpeningStartDateLocal":"2021-12-02T13:00:00","OpeningEndDateLocal":"2021-12-02T16:00:00","OpenDurationInMinutes":180,"OpenDurationInHours":3.000000,"Remarks":"3:00 hr opening","DayNumber":5,"WeekNumber":49,"YearNumber":2021,"ScheduledStartOfDay":"2021-12-02T13:00:00","ScheduledEndOfDay":"2021-12-02T16:00:00","LocationID":61,"RoomID":null,"UTCOffSet":-6,"SchedPrefRemarks":""},{"UserID":632,"OpeningStartDateLocal":"2021-12-02T13:00:00","OpeningEndDateLocal":"2021-12-02T16:00:00","OpenDurationInMinutes":180,"OpenDurationInHours":3.000000,"Remarks":"3:00 hr opening","DayNumber":5,"WeekNumber":49,"YearNumber":2021,"ScheduledStartOfDay":"2021-12-02T13:00:00","ScheduledEndOfDay":"2021-12-02T16:00:00","LocationID":61,"RoomID":null,"UTCOffSet":-6,"SchedPrefRemarks":""},{"UserID":632,"OpeningStartDateLocal":"2021-12-02T13:00:00","OpeningEndDateLocal":"2021-12-02T16:00:00","OpenDurationInMinutes":180,"OpenDurationInHours":3.000000,"Remarks":"3:00 hr opening","DayNumber":5,"WeekNumber":49,"YearNumber":2021,"ScheduledStartOfDay":"2021-12-02T13:00:00","ScheduledEndOfDay":"2021-12-02T16:00:00","LocationID":61,"RoomID":null,"UTCOffSet":-6,"SchedPrefRemarks":""},{"UserID":632,"OpeningStartDateLocal":"2021-12-02T13:00:00","OpeningEndDateLocal":"2021-12-02T16:00:00","OpenDurationInMinutes":180,"OpenDurationInHours":3.000000,"Remarks":"3:00 hr opening","DayNumber":5,"WeekNumber":49,"YearNumber":2021,"ScheduledStartOfDay":"2021-12-02T13:00:00","ScheduledEndOfDay":"2021-12-02T16:00:00","LocationID":61,"RoomID":null,"UTCOffSet":-6,"SchedPrefRemarks":""},{"UserID":632,"OpeningStartDateLocal":"2021-12-02T13:00:00","OpeningEndDateLocal":"2021-12-02T16:00:00","OpenDurationInMinutes":180,"OpenDurationInHours":3.000000,"Remarks":"3:00 hr opening","DayNumber":5,"WeekNumber":49,"YearNumber":2021,"ScheduledStartOfDay":"2021-12-02T13:00:00","ScheduledEndOfDay":"2021-12-02T16:00:00","LocationID":61,"RoomID":null,"UTCOffSet":-6,"SchedPrefRemarks":""},{"UserID":632,"OpeningStartDateLocal":"2021-12-02T13:00:00","OpeningEndDateLocal":"2021-12-02T16:00:00","OpenDurationInMinutes":180,"OpenDurationInHours":3.000000,"Remarks":"3:00 hr opening","DayNumber":5,"WeekNumber":49,"YearNumber":2021,"ScheduledStartOfDay":"2021-12-02T13:00:00","ScheduledEndOfDay":"2021-12-02T16:00:00","LocationID":61,"RoomID":null,"UTCOffSet":-6,"SchedPrefRemarks":""},{"UserID":632,"OpeningStartDateLocal":"2021-12-02T13:00:00","OpeningEndDateLocal":"2021-12-02T16:00:00","OpenDurationInMinutes":180,"OpenDurationInHours":3.000000,"Remarks":"3:00 hr opening","DayNumber":5,"WeekNumber":49,"YearNumber":2021,"ScheduledStartOfDay":"2021-12-02T13:00:00","ScheduledEndOfDay":"2021-12-02T16:00:00","LocationID":61,"RoomID":null,"UTCOffSet":-6,"SchedPrefRemarks":""},{"UserID":632,"OpeningStartDateLocal":"2021-12-02T13:00:00","OpeningEndDateLocal":"2021-12-02T16:00:00","OpenDurationInMinutes":180,"OpenDurationInHours":3.000000,"Remarks":"3:00 hr opening","DayNumber":5,"WeekNumber":49,"YearNumber":2021,"ScheduledStartOfDay":"2021-12-02T13:00:00","ScheduledEndOfDay":"2021-12-02T16:00:00","LocationID":61,"RoomID":null,"UTCOffSet":-6,"SchedPrefRemarks":""},{"UserID":632,"OpeningStartDateLocal":"2021-12-02T13:00:00","OpeningEndDateLocal":"2021-12-02T16:00:00","OpenDurationInMinutes":180,"OpenDurationInHours":3.000000,"Remarks":"3:00 hr opening","DayNumber":5,"WeekNumber":49,"YearNumber":2021,"ScheduledStartOfDay":"2021-12-02T13:00:00","ScheduledEndOfDay":"2021-12-02T16:00:00","LocationID":61,"RoomID":null,"UTCOffSet":-6,"SchedPrefRemarks":""},{"UserID":632,"OpeningStartDateLocal":"2021-12-03T08:00:00","OpeningEndDateLocal":"2021-12-03T10:00:00","OpenDurationInMinutes":120,"OpenDurationInHours":2.000000,"Remarks":"2:00 hr opening","DayNumber":6,"WeekNumber":49,"YearNumber":2021,"ScheduledStartOfDay":"2021-12-03T08:00:00","ScheduledEndOfDay":"2021-12-03T12:00:00","LocationID":61,"RoomID":null,"UTCOffSet":-6,"SchedPrefRemarks":""},{"UserID":632,"OpeningStartDateLocal":"2021-12-03T08:00:00","OpeningEndDateLocal":"2021-12-03T10:00:00","OpenDurationInMinutes":120,"OpenDurationInHours":2.000000,"Remarks":"2:00 hr opening","DayNumber":6,"WeekNumber":49,"YearNumber":2021,"ScheduledStartOfDay":"2021-12-03T08:00:00","ScheduledEndOfDay":"2021-12-03T12:00:00","LocationID":61,"RoomID":null,"UTCOffSet":-6,"SchedPrefRemarks":""},{"UserID":632,"OpeningStartDateLocal":"2021-12-03T08:00:00","OpeningEndDateLocal":"2021-12-03T10:00:00","OpenDurationInMinutes":120,"OpenDurationInHours":2.000000,"Remarks":"2:00 hr opening","DayNumber":6,"WeekNumber":49,"YearNumber":2021,"ScheduledStartOfDay":"2021-12-03T08:00:00","ScheduledEndOfDay":"2021-12-03T12:00:00","LocationID":61,"RoomID":null,"UTCOffSet":-6,"SchedPrefRemarks":""},{"UserID":632,"OpeningStartDateLocal":"2021-12-03T08:00:00","OpeningEndDateLocal":"2021-12-03T10:00:00","OpenDurationInMinutes":120,"OpenDurationInHours":2.000000,"Remarks":"2:00 hr opening","DayNumber":6,"WeekNumber":49,"YearNumber":2021,"ScheduledStartOfDay":"2021-12-03T08:00:00","ScheduledEndOfDay":"2021-12-03T12:00:00","LocationID":61,"RoomID":null,"UTCOffSet":-6,"SchedPrefRemarks":""},{"UserID":632,"OpeningStartDateLocal":"2021-12-03T08:00:00","OpeningEndDateLocal":"2021-12-03T10:00:00","OpenDurationInMinutes":120,"OpenDurationInHours":2.000000,"Remarks":"2:00 hr opening","DayNumber":6,"WeekNumber":49,"YearNumber":2021,"ScheduledStartOfDay":"2021-12-03T08:00:00","ScheduledEndOfDay":"2021-12-03T12:00:00","LocationID":61,"RoomID":null,"UTCOffSet":-6,"SchedPrefRemarks":""},{"UserID":632,"OpeningStartDateLocal":"2021-12-03T08:00:00","OpeningEndDateLocal":"2021-12-03T10:00:00","OpenDurationInMinutes":120,"OpenDurationInHours":2.000000,"Remarks":"2:00 hr opening","DayNumber":6,"WeekNumber":49,"YearNumber":2021,"ScheduledStartOfDay":"2021-12-03T08:00:00","ScheduledEndOfDay":"2021-12-03T12:00:00","LocationID":61,"RoomID":null,"UTCOffSet":-6,"SchedPrefRemarks":""},{"UserID":632,"OpeningStartDateLocal":"2021-12-03T08:00:00","OpeningEndDateLocal":"2021-12-03T10:00:00","OpenDurationInMinutes":120,"OpenDurationInHours":2.000000,"Remarks":"2:00 hr opening","DayNumber":6,"WeekNumber":49,"YearNumber":2021,"ScheduledStartOfDay":"2021-12-03T08:00:00","ScheduledEndOfDay":"2021-12-03T12:00:00","LocationID":61,"RoomID":null,"UTCOffSet":-6,"SchedPrefRemarks":""},{"UserID":632,"OpeningStartDateLocal":"2021-12-03T08:00:00","OpeningEndDateLocal":"2021-12-03T10:00:00","OpenDurationInMinutes":120,"OpenDurationInHours":2.000000,"Remarks":"2:00 hr opening","DayNumber":6,"WeekNumber":49,"YearNumber":2021,"ScheduledStartOfDay":"2021-12-03T08:00:00","ScheduledEndOfDay":"2021-12-03T12:00:00","LocationID":61,"RoomID":null,"UTCOffSet":-6,"SchedPrefRemarks":""},{"UserID":632,"OpeningStartDateLocal":"2021-12-03T08:00:00","OpeningEndDateLocal":"2021-12-03T10:00:00","OpenDurationInMinutes":120,"OpenDurationInHours":2.000000,"Remarks":"2:00 hr opening","DayNumber":6,"WeekNumber":49,"YearNumber":2021,"ScheduledStartOfDay":"2021-12-03T08:00:00","ScheduledEndOfDay":"2021-12-03T12:00:00","LocationID":61,"RoomID":null,"UTCOffSet":-6,"SchedPrefRemarks":""},{"UserID":632,"OpeningStartDateLocal":"2021-12-03T08:00:00","OpeningEndDateLocal":"2021-12-03T10:00:00","OpenDurationInMinutes":120,"OpenDurationInHours":2.000000,"Remarks":"2:00 hr opening","DayNumber":6,"WeekNumber":49,"YearNumber":2021,"ScheduledStartOfDay":"2021-12-03T08:00:00","ScheduledEndOfDay":"2021-12-03T12:00:00","LocationID":61,"RoomID":null,"UTCOffSet":-6,"SchedPrefRemarks":""}]