[{"UserID":53,"OpeningStartDateLocal":"2021-11-15T09:00:00","OpeningEndDateLocal":"2021-11-15T17:00:00","OpenDurationInMinutes":480,"OpenDurationInHours":8.000000,"Remarks":"8:00 hr opening","DayNumber":2,"WeekNumber":47,"YearNumber":2021,"ScheduledStartOfDay":"2021-11-15T09:00:00","ScheduledEndOfDay":"2021-11-15T17:00:00","LocationID":6,"RoomID":null,"UTCOffSet":-5,"SchedPrefRemarks":""},{"UserID":53,"OpeningStartDateLocal":"2021-11-16T09:00:00","OpeningEndDateLocal":"2021-11-16T17:00:00","OpenDurationInMinutes":480,"OpenDurationInHours":8.000000,"Remarks":"8:00 hr opening","DayNumber":3,"WeekNumber":47,"YearNumber":2021,"ScheduledStartOfDay":"2021-11-16T09:00:00","ScheduledEndOfDay":"2021-11-16T17:00:00","LocationID":6,"RoomID":null,"UTCOffSet":-5,"SchedPrefRemarks":""},{"UserID":53,"OpeningStartDateLocal":"2021-11-16T09:00:00","OpeningEndDateLocal":"2021-11-16T17:00:00","OpenDurationInMinutes":480,"OpenDurationInHours":8.000000,"Remarks":"8:00 hr opening","DayNumber":3,"WeekNumber":47,"YearNumber":2021,"ScheduledStartOfDay":"2021-11-16T09:00:00","ScheduledEndOfDay":"2021-11-16T17:00:00","LocationID":6,"RoomID":null,"UTCOffSet":-5,"SchedPrefRemarks":""},{"UserID":53,"OpeningStartDateLocal":"2021-11-17T09:00:00","OpeningEndDateLocal":"2021-11-17T17:00:00","OpenDurationInMinutes":480,"OpenDurationInHours":8.000000,"Remarks":"8:00 hr opening","DayNumber":4,"WeekNumber":47,"YearNumber":2021,"ScheduledStartOfDay":"2021-11-17T09:00:00","ScheduledEndOfDay":"2021-11-17T17:00:00","LocationID":6,"RoomID":null,"UTCOffSet":-5,"SchedPrefRemarks":""},{"UserID":53,"OpeningStartDateLocal":"2021-11-17T09:00:00","OpeningEndDateLocal":"2021-11-17T17:00:00","OpenDurationInMinutes":480,"OpenDurationInHours":8.000000,"Remarks":"8:00 hr opening","DayNumber":4,"WeekNumber":47,"YearNumber":2021,"ScheduledStartOfDay":"2021-11-17T09:00:00","ScheduledEndOfDay":"2021-11-17T17:00:00","LocationID":6,"RoomID":null,"UTCOffSet":-5,"SchedPrefRemarks":""},{"UserID":53,"OpeningStartDateLocal":"2021-11-18T09:00:00","OpeningEndDateLocal":"2021-11-18T17:00:00","OpenDurationInMinutes":480,"OpenDurationInHours":8.000000,"Remarks":"8:00 hr opening","DayNumber":5,"WeekNumber":47,"YearNumber":2021,"ScheduledStartOfDay":"2021-11-18T09:00:00","ScheduledEndOfDay":"2021-11-18T17:00:00","LocationID":6,"RoomID":null,"UTCOffSet":-5,"SchedPrefRemarks":""},{"UserID":53,"OpeningStartDateLocal":"2021-11-18T09:00:00","OpeningEndDateLocal":"2021-11-18T17:00:00","OpenDurationInMinutes":480,"OpenDurationInHours":8.000000,"Remarks":"8:00 hr opening","DayNumber":5,"WeekNumber":47,"YearNumber":2021,"ScheduledStartOfDay":"2021-11-18T09:00:00","ScheduledEndOfDay":"2021-11-18T17:00:00","LocationID":6,"RoomID":null,"UTCOffSet":-5,"SchedPrefRemarks":""},{"UserID":53,"OpeningStartDateLocal":"2021-11-19T09:00:00","OpeningEndDateLocal":"2021-11-19T17:00:00","OpenDurationInMinutes":480,"OpenDurationInHours":8.000000,"Remarks":"8:00 hr opening","DayNumber":6,"WeekNumber":47,"YearNumber":2021,"ScheduledStartOfDay":"2021-11-19T09:00:00","ScheduledEndOfDay":"2021-11-19T17:00:00","LocationID":6,"RoomID":null,"UTCOffSet":-5,"SchedPrefRemarks":""},{"UserID":53,"OpeningStartDateLocal":"2021-11-19T09:00:00","OpeningEndDateLocal":"2021-11-19T17:00:00","OpenDurationInMinutes":480,"OpenDurationInHours":8.000000,"Remarks":"8:00 hr opening","DayNumber":6,"WeekNumber":47,"YearNumber":2021,"ScheduledStartOfDay":"2021-11-19T09:00:00","ScheduledEndOfDay":"2021-11-19T17:00:00","LocationID":6,"RoomID":null,"UTCOffSet":-5,"SchedPrefRemarks":""},{"UserID":53,"OpeningStartDateLocal":"2021-11-22T09:00:00","OpeningEndDateLocal":"2021-11-22T17:00:00","OpenDurationInMinutes":480,"OpenDurationInHours":8.000000,"Remarks":"8:00 hr opening","DayNumber":2,"WeekNumber":48,"YearNumber":2021,"ScheduledStartOfDay":"2021-11-22T09:00:00","ScheduledEndOfDay":"2021-11-22T17:00:00","LocationID":6,"RoomID":null,"UTCOffSet":-5,"SchedPrefRemarks":""},{"UserID":53,"OpeningStartDateLocal":"2021-11-22T09:00:00","OpeningEndDateLocal":"2021-11-22T17:00:00","OpenDurationInMinutes":480,"OpenDurationInHours":8.000000,"Remarks":"8:00 hr opening","DayNumber":2,"WeekNumber":48,"YearNumber":2021,"ScheduledStartOfDay":"2021-11-22T09:00:00","ScheduledEndOfDay":"2021-11-22T17:00:00","LocationID":6,"RoomID":null,"UTCOffSet":-5,"SchedPrefRemarks":""},{"UserID":53,"OpeningStartDateLocal":"2021-11-23T09:00:00","OpeningEndDateLocal":"2021-11-23T17:00:00","OpenDurationInMinutes":480,"OpenDurationInHours":8.000000,"Remarks":"8:00 hr opening","DayNumber":3,"WeekNumber":48,"YearNumber":2021,"ScheduledStartOfDay":"2021-11-23T09:00:00","ScheduledEndOfDay":"2021-11-23T17:00:00","LocationID":6,"RoomID":null,"UTCOffSet":-5,"SchedPrefRemarks":""},{"UserID":53,"OpeningStartDateLocal":"2021-11-23T09:00:00","OpeningEndDateLocal":"2021-11-23T17:00:00","OpenDurationInMinutes":480,"OpenDurationInHours":8.000000,"Remarks":"8:00 hr opening","DayNumber":3,"WeekNumber":48,"YearNumber":2021,"ScheduledStartOfDay":"2021-11-23T09:00:00","ScheduledEndOfDay":"2021-11-23T17:00:00","LocationID":6,"RoomID":null,"UTCOffSet":-5,"SchedPrefRemarks":""},{"UserID":53,"OpeningStartDateLocal":"2021-11-29T09:00:00","OpeningEndDateLocal":"2021-11-29T17:00:00","OpenDurationInMinutes":480,"OpenDurationInHours":8.000000,"Remarks":"8:00 hr opening","DayNumber":2,"WeekNumber":49,"YearNumber":2021,"ScheduledStartOfDay":"2021-11-29T09:00:00","ScheduledEndOfDay":"2021-11-29T17:00:00","LocationID":6,"RoomID":null,"UTCOffSet":-5,"SchedPrefRemarks":""},{"UserID":53,"OpeningStartDateLocal":"2021-11-29T09:00:00","OpeningEndDateLocal":"2021-11-29T17:00:00","OpenDurationInMinutes":480,"OpenDurationInHours":8.000000,"Remarks":"8:00 hr opening","DayNumber":2,"WeekNumber":49,"YearNumber":2021,"ScheduledStartOfDay":"2021-11-29T09:00:00","ScheduledEndOfDay":"2021-11-29T17:00:00","LocationID":6,"RoomID":null,"UTCOffSet":-5,"SchedPrefRemarks":""},{"UserID":53,"OpeningStartDateLocal":"2021-11-30T09:00:00","OpeningEndDateLocal":"2021-11-30T17:00:00","OpenDurationInMinutes":480,"OpenDurationInHours":8.000000,"Remarks":"8:00 hr opening","DayNumber":3,"WeekNumber":49,"YearNumber":2021,"ScheduledStartOfDay":"2021-11-30T09:00:00","ScheduledEndOfDay":"2021-11-30T17:00:00","LocationID":6,"RoomID":null,"UTCOffSet":-5,"SchedPrefRemarks":""},{"UserID":53,"OpeningStartDateLocal":"2021-11-30T09:00:00","OpeningEndDateLocal":"2021-11-30T17:00:00","OpenDurationInMinutes":480,"OpenDurationInHours":8.000000,"Remarks":"8:00 hr opening","DayNumber":3,"WeekNumber":49,"YearNumber":2021,"ScheduledStartOfDay":"2021-11-30T09:00:00","ScheduledEndOfDay":"2021-11-30T17:00:00","LocationID":6,"RoomID":null,"UTCOffSet":-5,"SchedPrefRemarks":""},{"UserID":53,"OpeningStartDateLocal":"2021-12-01T09:00:00","OpeningEndDateLocal":"2021-12-01T17:00:00","OpenDurationInMinutes":480,"OpenDurationInHours":8.000000,"Remarks":"8:00 hr opening","DayNumber":4,"WeekNumber":49,"YearNumber":2021,"ScheduledStartOfDay":"2021-12-01T09:00:00","ScheduledEndOfDay":"2021-12-01T17:00:00","LocationID":6,"RoomID":null,"UTCOffSet":-5,"SchedPrefRemarks":""},{"UserID":53,"OpeningStartDateLocal":"2021-12-01T09:00:00","OpeningEndDateLocal":"2021-12-01T17:00:00","OpenDurationInMinutes":480,"OpenDurationInHours":8.000000,"Remarks":"8:00 hr opening","DayNumber":4,"WeekNumber":49,"YearNumber":2021,"ScheduledStartOfDay":"2021-12-01T09:00:00","ScheduledEndOfDay":"2021-12-01T17:00:00","LocationID":6,"RoomID":null,"UTCOffSet":-5,"SchedPrefRemarks":""},{"UserID":53,"OpeningStartDateLocal":"2021-12-02T09:00:00","OpeningEndDateLocal":"2021-12-02T17:00:00","OpenDurationInMinutes":480,"OpenDurationInHours":8.000000,"Remarks":"8:00 hr opening","DayNumber":5,"WeekNumber":49,"YearNumber":2021,"ScheduledStartOfDay":"2021-12-02T09:00:00","ScheduledEndOfDay":"2021-12-02T17:00:00","LocationID":6,"RoomID":null,"UTCOffSet":-5,"SchedPrefRemarks":""},{"UserID":53,"OpeningStartDateLocal":"2021-12-02T09:00:00","OpeningEndDateLocal":"2021-12-02T17:00:00","OpenDurationInMinutes":480,"OpenDurationInHours":8.000000,"Remarks":"8:00 hr opening","DayNumber":5,"WeekNumber":49,"YearNumber":2021,"ScheduledStartOfDay":"2021-12-02T09:00:00","ScheduledEndOfDay":"2021-12-02T17:00:00","LocationID":6,"RoomID":null,"UTCOffSet":-5,"SchedPrefRemarks":""},{"UserID":53,"OpeningStartDateLocal":"2021-12-03T09:00:00","OpeningEndDateLocal":"2021-12-03T17:00:00","OpenDurationInMinutes":480,"OpenDurationInHours":8.000000,"Remarks":"8:00 hr opening","DayNumber":6,"WeekNumber":49,"YearNumber":2021,"ScheduledStartOfDay":"2021-12-03T09:00:00","ScheduledEndOfDay":"2021-12-03T17:00:00","LocationID":6,"RoomID":null,"UTCOffSet":-5,"SchedPrefRemarks":""},{"UserID":427,"OpeningStartDateLocal":"2021-11-15T09:20:00","OpeningEndDateLocal":"2021-11-15T17:00:00","OpenDurationInMinutes":460,"OpenDurationInHours":7.670000,"Remarks":"7:40 hr opening","DayNumber":2,"WeekNumber":47,"YearNumber":2021,"ScheduledStartOfDay":"2021-11-15T09:00:00","ScheduledEndOfDay":"2021-11-15T17:00:00","LocationID":2,"RoomID":null,"UTCOffSet":-5,"SchedPrefRemarks":"Auto Set"},{"UserID":427,"OpeningStartDateLocal":"2021-11-16T09:00:00","OpeningEndDateLocal":"2021-11-16T17:00:00","OpenDurationInMinutes":480,"OpenDurationInHours":8.000000,"Remarks":"8:00 hr opening","DayNumber":3,"WeekNumber":47,"YearNumber":2021,"ScheduledStartOfDay":"2021-11-16T09:00:00","ScheduledEndOfDay":"2021-11-16T17:00:00","LocationID":2,"RoomID":null,"UTCOffSet":-5,"SchedPrefRemarks":"Auto Set"},{"UserID":427,"OpeningStartDateLocal":"2021-11-16T09:00:00","OpeningEndDateLocal":"2021-11-16T17:00:00","OpenDurationInMinutes":480,"OpenDurationInHours":8.000000,"Remarks":"8:00 hr opening","DayNumber":3,"WeekNumber":47,"YearNumber":2021,"ScheduledStartOfDay":"2021-11-16T09:00:00","ScheduledEndOfDay":"2021-11-16T17:00:00","LocationID":2,"RoomID":null,"UTCOffSet":-5,"SchedPrefRemarks":"Auto Set"},{"UserID":427,"OpeningStartDateLocal":"2021-11-17T09:00:00","OpeningEndDateLocal":"2021-11-17T17:00:00","OpenDurationInMinutes":480,"OpenDurationInHours":8.000000,"Remarks":"8:00 hr opening","DayNumber":4,"WeekNumber":47,"YearNumber":2021,"ScheduledStartOfDay":"2021-11-17T09:00:00","ScheduledEndOfDay":"2021-11-17T17:00:00","LocationID":2,"RoomID":null,"UTCOffSet":-5,"SchedPrefRemarks":"Auto Set"},{"UserID":427,"OpeningStartDateLocal":"2021-11-17T09:00:00","OpeningEndDateLocal":"2021-11-17T17:00:00","OpenDurationInMinutes":480,"OpenDurationInHours":8.000000,"Remarks":"8:00 hr opening","DayNumber":4,"WeekNumber":47,"YearNumber":2021,"ScheduledStartOfDay":"2021-11-17T09:00:00","ScheduledEndOfDay":"2021-11-17T17:00:00","LocationID":2,"RoomID":null,"UTCOffSet":-5,"SchedPrefRemarks":"Auto Set"},{"UserID":427,"OpeningStartDateLocal":"2021-11-18T09:00:00","OpeningEndDateLocal":"2021-11-18T17:00:00","OpenDurationInMinutes":480,"OpenDurationInHours":8.000000,"Remarks":"8:00 hr opening","DayNumber":5,"WeekNumber":47,"YearNumber":2021,"ScheduledStartOfDay":"2021-11-18T09:00:00","ScheduledEndOfDay":"2021-11-18T17:00:00","LocationID":2,"RoomID":null,"UTCOffSet":-5,"SchedPrefRemarks":"Auto Set"},{"UserID":427,"OpeningStartDateLocal":"2021-11-18T09:00:00","OpeningEndDateLocal":"2021-11-18T17:00:00","OpenDurationInMinutes":480,"OpenDurationInHours":8.000000,"Remarks":"8:00 hr opening","DayNumber":5,"WeekNumber":47,"YearNumber":2021,"ScheduledStartOfDay":"2021-11-18T09:00:00","ScheduledEndOfDay":"2021-11-18T17:00:00","LocationID":2,"RoomID":null,"UTCOffSet":-5,"SchedPrefRemarks":"Auto Set"},{"UserID":427,"OpeningStartDateLocal":"2021-11-19T09:00:00","OpeningEndDateLocal":"2021-11-19T17:00:00","OpenDurationInMinutes":480,"OpenDurationInHours":8.000000,"Remarks":"8:00 hr opening","DayNumber":6,"WeekNumber":47,"YearNumber":2021,"ScheduledStartOfDay":"2021-11-19T09:00:00","ScheduledEndOfDay":"2021-11-19T17:00:00","LocationID":2,"RoomID":null,"UTCOffSet":-5,"SchedPrefRemarks":"Auto Set"},{"UserID":427,"OpeningStartDateLocal":"2021-11-19T09:00:00","OpeningEndDateLocal":"2021-11-19T17:00:00","OpenDurationInMinutes":480,"OpenDurationInHours":8.000000,"Remarks":"8:00 hr opening","DayNumber":6,"WeekNumber":47,"YearNumber":2021,"ScheduledStartOfDay":"2021-11-19T09:00:00","ScheduledEndOfDay":"2021-11-19T17:00:00","LocationID":2,"RoomID":null,"UTCOffSet":-5,"SchedPrefRemarks":"Auto Set"},{"UserID":427,"OpeningStartDateLocal":"2021-11-22T09:00:00","OpeningEndDateLocal":"2021-11-22T17:00:00","OpenDurationInMinutes":480,"OpenDurationInHours":8.000000,"Remarks":"8:00 hr opening","DayNumber":2,"WeekNumber":48,"YearNumber":2021,"ScheduledStartOfDay":"2021-11-22T09:00:00","ScheduledEndOfDay":"2021-11-22T17:00:00","LocationID":2,"RoomID":null,"UTCOffSet":-5,"SchedPrefRemarks":"Auto Set"},{"UserID":427,"OpeningStartDateLocal":"2021-11-22T09:00:00","OpeningEndDateLocal":"2021-11-22T17:00:00","OpenDurationInMinutes":480,"OpenDurationInHours":8.000000,"Remarks":"8:00 hr opening","DayNumber":2,"WeekNumber":48,"YearNumber":2021,"ScheduledStartOfDay":"2021-11-22T09:00:00","ScheduledEndOfDay":"2021-11-22T17:00:00","LocationID":2,"RoomID":null,"UTCOffSet":-5,"SchedPrefRemarks":"Auto Set"},{"UserID":427,"OpeningStartDateLocal":"2021-11-23T09:00:00","OpeningEndDateLocal":"2021-11-23T17:00:00","OpenDurationInMinutes":480,"OpenDurationInHours":8.000000,"Remarks":"8:00 hr opening","DayNumber":3,"WeekNumber":48,"YearNumber":2021,"ScheduledStartOfDay":"2021-11-23T09:00:00","ScheduledEndOfDay":"2021-11-23T17:00:00","LocationID":2,"RoomID":null,"UTCOffSet":-5,"SchedPrefRemarks":"Auto Set"},{"UserID":427,"OpeningStartDateLocal":"2021-11-23T09:00:00","OpeningEndDateLocal":"2021-11-23T17:00:00","OpenDurationInMinutes":480,"OpenDurationInHours":8.000000,"Remarks":"8:00 hr opening","DayNumber":3,"WeekNumber":48,"YearNumber":2021,"ScheduledStartOfDay":"2021-11-23T09:00:00","ScheduledEndOfDay":"2021-11-23T17:00:00","LocationID":2,"RoomID":null,"UTCOffSet":-5,"SchedPrefRemarks":"Auto Set"},{"UserID":427,"OpeningStartDateLocal":"2021-11-24T09:00:00","OpeningEndDateLocal":"2021-11-24T17:00:00","OpenDurationInMinutes":480,"OpenDurationInHours":8.000000,"Remarks":"8:00 hr opening","DayNumber":4,"WeekNumber":48,"YearNumber":2021,"ScheduledStartOfDay":"2021-11-24T09:00:00","ScheduledEndOfDay":"2021-11-24T17:00:00","LocationID":2,"RoomID":null,"UTCOffSet":-5,"SchedPrefRemarks":"Auto Set"},{"UserID":427,"OpeningStartDateLocal":"2021-11-24T09:00:00","OpeningEndDateLocal":"2021-11-24T17:00:00","OpenDurationInMinutes":480,"OpenDurationInHours":8.000000,"Remarks":"8:00 hr opening","DayNumber":4,"WeekNumber":48,"YearNumber":2021,"ScheduledStartOfDay":"2021-11-24T09:00:00","ScheduledEndOfDay":"2021-11-24T17:00:00","LocationID":2,"RoomID":null,"UTCOffSet":-5,"SchedPrefRemarks":"Auto Set"},{"UserID":427,"OpeningStartDateLocal":"2021-11-25T09:00:00","OpeningEndDateLocal":"2021-11-25T17:00:00","OpenDurationInMinutes":480,"OpenDurationInHours":8.000000,"Remarks":"8:00 hr opening","DayNumber":5,"WeekNumber":48,"YearNumber":2021,"ScheduledStartOfDay":"2021-11-25T09:00:00","ScheduledEndOfDay":"2021-11-25T17:00:00","LocationID":2,"RoomID":null,"UTCOffSet":-5,"SchedPrefRemarks":"Auto Set"},{"UserID":427,"OpeningStartDateLocal":"2021-11-25T09:00:00","OpeningEndDateLocal":"2021-11-25T17:00:00","OpenDurationInMinutes":480,"OpenDurationInHours":8.000000,"Remarks":"8:00 hr opening","DayNumber":5,"WeekNumber":48,"YearNumber":2021,"ScheduledStartOfDay":"2021-11-25T09:00:00","ScheduledEndOfDay":"2021-11-25T17:00:00","LocationID":2,"RoomID":null,"UTCOffSet":-5,"SchedPrefRemarks":"Auto Set"},{"UserID":427,"OpeningStartDateLocal":"2021-11-26T09:00:00","OpeningEndDateLocal":"2021-11-26T17:00:00","OpenDurationInMinutes":480,"OpenDurationInHours":8.000000,"Remarks":"8:00 hr opening","DayNumber":6,"WeekNumber":48,"YearNumber":2021,"ScheduledStartOfDay":"2021-11-26T09:00:00","ScheduledEndOfDay":"2021-11-26T17:00:00","LocationID":2,"RoomID":null,"UTCOffSet":-5,"SchedPrefRemarks":"Auto Set"},{"UserID":427,"OpeningStartDateLocal":"2021-11-26T09:00:00","OpeningEndDateLocal":"2021-11-26T17:00:00","OpenDurationInMinutes":480,"OpenDurationInHours":8.000000,"Remarks":"8:00 hr opening","DayNumber":6,"WeekNumber":48,"YearNumber":2021,"ScheduledStartOfDay":"2021-11-26T09:00:00","ScheduledEndOfDay":"2021-11-26T17:00:00","LocationID":2,"RoomID":null,"UTCOffSet":-5,"SchedPrefRemarks":"Auto Set"},{"UserID":427,"OpeningStartDateLocal":"2021-11-29T09:00:00","OpeningEndDateLocal":"2021-11-29T17:00:00","OpenDurationInMinutes":480,"OpenDurationInHours":8.000000,"Remarks":"8:00 hr opening","DayNumber":2,"WeekNumber":49,"YearNumber":2021,"ScheduledStartOfDay":"2021-11-29T09:00:00","ScheduledEndOfDay":"2021-11-29T17:00:00","LocationID":2,"RoomID":null,"UTCOffSet":-5,"SchedPrefRemarks":"Auto Set"},{"UserID":427,"OpeningStartDateLocal":"2021-11-29T09:00:00","OpeningEndDateLocal":"2021-11-29T17:00:00","OpenDurationInMinutes":480,"OpenDurationInHours":8.000000,"Remarks":"8:00 hr opening","DayNumber":2,"WeekNumber":49,"YearNumber":2021,"ScheduledStartOfDay":"2021-11-29T09:00:00","ScheduledEndOfDay":"2021-11-29T17:00:00","LocationID":2,"RoomID":null,"UTCOffSet":-5,"SchedPrefRemarks":"Auto Set"},{"UserID":427,"OpeningStartDateLocal":"2021-11-30T09:00:00","OpeningEndDateLocal":"2021-11-30T17:00:00","OpenDurationInMinutes":480,"OpenDurationInHours":8.000000,"Remarks":"8:00 hr opening","DayNumber":3,"WeekNumber":49,"YearNumber":2021,"ScheduledStartOfDay":"2021-11-30T09:00:00","ScheduledEndOfDay":"2021-11-30T17:00:00","LocationID":2,"RoomID":null,"UTCOffSet":-5,"SchedPrefRemarks":"Auto Set"},{"UserID":427,"OpeningStartDateLocal":"2021-11-30T09:00:00","OpeningEndDateLocal":"2021-11-30T17:00:00","OpenDurationInMinutes":480,"OpenDurationInHours":8.000000,"Remarks":"8:00 hr opening","DayNumber":3,"WeekNumber":49,"YearNumber":2021,"ScheduledStartOfDay":"2021-11-30T09:00:00","ScheduledEndOfDay":"2021-11-30T17:00:00","LocationID":2,"RoomID":null,"UTCOffSet":-5,"SchedPrefRemarks":"Auto Set"},{"UserID":427,"OpeningStartDateLocal":"2021-12-01T09:00:00","OpeningEndDateLocal":"2021-12-01T17:00:00","OpenDurationInMinutes":480,"OpenDurationInHours":8.000000,"Remarks":"8:00 hr opening","DayNumber":4,"WeekNumber":49,"YearNumber":2021,"ScheduledStartOfDay":"2021-12-01T09:00:00","ScheduledEndOfDay":"2021-12-01T17:00:00","LocationID":2,"RoomID":null,"UTCOffSet":-5,"SchedPrefRemarks":"Auto Set"},{"UserID":427,"OpeningStartDateLocal":"2021-12-01T09:00:00","OpeningEndDateLocal":"2021-12-01T17:00:00","OpenDurationInMinutes":480,"OpenDurationInHours":8.000000,"Remarks":"8:00 hr opening","DayNumber":4,"WeekNumber":49,"YearNumber":2021,"ScheduledStartOfDay":"2021-12-01T09:00:00","ScheduledEndOfDay":"2021-12-01T17:00:00","LocationID":2,"RoomID":null,"UTCOffSet":-5,"SchedPrefRemarks":"Auto Set"},{"UserID":427,"OpeningStartDateLocal":"2021-12-02T09:00:00","OpeningEndDateLocal":"2021-12-02T17:00:00","OpenDurationInMinutes":480,"OpenDurationInHours":8.000000,"Remarks":"8:00 hr opening","DayNumber":5,"WeekNumber":49,"YearNumber":2021,"ScheduledStartOfDay":"2021-12-02T09:00:00","ScheduledEndOfDay":"2021-12-02T17:00:00","LocationID":2,"RoomID":null,"UTCOffSet":-5,"SchedPrefRemarks":"Auto Set"},{"UserID":427,"OpeningStartDateLocal":"2021-12-02T09:00:00","OpeningEndDateLocal":"2021-12-02T17:00:00","OpenDurationInMinutes":480,"OpenDurationInHours":8.000000,"Remarks":"8:00 hr opening","DayNumber":5,"WeekNumber":49,"YearNumber":2021,"ScheduledStartOfDay":"2021-12-02T09:00:00","ScheduledEndOfDay":"2021-12-02T17:00:00","LocationID":2,"RoomID":null,"UTCOffSet":-5,"SchedPrefRemarks":"Auto Set"},{"UserID":427,"OpeningStartDateLocal":"2021-12-03T09:00:00","OpeningEndDateLocal":"2021-12-03T17:00:00","OpenDurationInMinutes":480,"OpenDurationInHours":8.000000,"Remarks":"8:00 hr opening","DayNumber":6,"WeekNumber":49,"YearNumber":2021,"ScheduledStartOfDay":"2021-12-03T09:00:00","ScheduledEndOfDay":"2021-12-03T17:00:00","LocationID":2,"RoomID":null,"UTCOffSet":-5,"SchedPrefRemarks":"Auto Set"},{"UserID":427,"OpeningStartDateLocal":"2021-12-03T09:00:00","OpeningEndDateLocal":"2021-12-03T17:00:00","OpenDurationInMinutes":480,"OpenDurationInHours":8.000000,"Remarks":"8:00 hr opening","DayNumber":6,"WeekNumber":49,"YearNumber":2021,"ScheduledStartOfDay":"2021-12-03T09:00:00","ScheduledEndOfDay":"2021-12-03T17:00:00","LocationID":2,"RoomID":null,"UTCOffSet":-5,"SchedPrefRemarks":"Auto Set"}]